{"filename": "ENMAP_12_MASKED.TIF", "labels": [418.416, 424.043, 429.457, 434.686, 439.757, 444.699, 449.539, 454.306, 459.031, 463.73, 468.411, 473.08, 477.744, 482.411, 487.087, 491.78, 496.497, 501.243, 506.02, 510.828, 515.672, 520.55, 525.467, 530.424, 535.422, 540.463, 545.551, 550.687, 555.873, 561.112, 566.405, 571.756, 577.166, 582.636, 588.171, 593.773, 599.446, 605.193, 611.017, 616.923, 622.92, 628.987, 635.112, 641.294, 647.537, 653.841, 660.207, 666.637, 673.131, 679.691, 686.319, 693.014, 699.78, 706.617, 713.524, 720.501, 727.545, 734.654, 741.826, 749.06, 756.353, 763.703, 771.108, 778.567, 786.078, 793.639, 801.248, 808.905, 816.608, 824.355, 832.145, 839.976, 847.847, 855.757, 863.703, 871.683, 879.692, 887.729, 895.789, 901.962, 903.87, 911.572, 911.968, 920.08, 921.32, 928.204, 931.204, 936.335, 941.218, 944.47, 951.361, 952.608, 960.748, 961.629, 968.891, 972.017, 977.037, 982.524, 985.186, 993.145, 993.338, 1003.88, 1014.72, 1025.66, 1036.7, 1047.84, 1059.07, 1070.39, 1081.79, 1093.26, 1104.81, 1116.43, 1128.11, 1139.84, 1151.62, 1163.44, 1175.31, 1187.2, 1199.11, 1211.05, 1223.0, 1234.97, 1246.95, 1258.93, 1270.92, 1282.92, 1294.91, 1306.9, 1318.88, 1330.86, 1342.82, 1354.76, 1366.69, 1378.6, 1390.48, 1449.43, 1461.11, 1472.74, 1484.34, 1495.89, 1507.4, 1518.87, 1530.29, 1541.68, 1553.01, 1564.31, 1575.55, 1586.76, 1597.91, 1609.02, 1620.09, 1631.11, 1642.08, 1653.0, 1663.87, 1674.7, 1685.47, 1696.2, 1706.87, 1717.5, 1728.08, 1738.6, 1749.08, 1759.51, 1769.89, 1780.22, 1967.66, 1977.08, 1986.45, 1995.79, 2005.08, 2014.33, 2023.54, 2032.71, 2041.83, 2050.92, 2059.96, 2068.97, 2077.93, 2086.86, 2095.74, 2104.59, 2113.4, 2122.17, 2130.9, 2139.6, 2148.26, 2156.88, 2165.47, 2174.02, 2182.53, 2191.01, 2199.46, 2207.86, 2216.24, 2224.58, 2232.89, 2241.16, 2249.4, 2257.61, 2265.79, 2273.93, 2282.04, 2290.12, 2298.17, 2306.19, 2314.18, 2322.13, 2330.05, 2337.94, 2345.81, 2353.64, 2361.44, 2369.21, 2376.95, 2384.66, 2392.34, 2400.0, 2407.62, 2415.21, 2422.78, 2430.32, 2437.83, 2445.3], "mean": [0.050176100000000064, 0.04983980000000006, 0.05269910000000001, 0.053789800000000006, 0.05563569999999992, 0.05652569999999996, 0.058516000000000006, 0.06014230000000001, 0.06087419999999996, 0.06269899999999998, 0.06355459999999999, 0.06411369999999998, 0.06525159999999998, 0.06720430000000012, 0.06873460000000008, 0.06918120000000001, 0.07050850000000011, 0.0727703999999999, 0.07409049999999998, 0.07683090000000009, 0.08090740000000009, 0.08360210000000012, 0.08689440000000001, 0.090824, 0.09429870000000004, 0.09762550000000014, 0.09991819999999994, 0.10209649999999998, 0.10416199999999995, 0.10558130000000002, 0.10675209999999993, 0.10702069999999989, 0.10816620000000002, 0.1092964, 0.10988509999999989, 0.11091649999999982, 0.11187900000000009, 0.11293679999999992, 0.1134020000000001, 0.1135141000000001, 0.11444139999999986, 0.11510849999999996, 0.11627159999999995, 0.11758160000000004, 0.11775050000000027, 0.1172378999999999, 0.11736840000000023, 0.11799790000000003, 0.11869440000000003, 0.1206709000000001, 0.12549640000000015, 0.13370240000000005, 0.1487533, 0.16511750000000008, 0.1838252999999999, 0.19699420000000037, 0.2160826, 0.2330707000000002, 0.24733560000000018, 0.2552653, 0.2680482000000001, 0.25445529999999994, 0.2745064000000003, 0.2794401000000001, 0.2831592000000005, 0.2864561, 0.289494, 0.29642430000000014, 0.291305, 0.29947210000000035, 0.2975533000000002, 0.3043356999999998, 0.30936589999999986, 0.31296069999999987, 0.3176496000000002, 0.3188470999999996, 0.3229383999999997, 0.3215048999999999, 0.3208792000000001, 0.3269984999999998, 0.3189201000000005, 0.3193198999999999, 0.31332920000000025, 0.29931030000000003, 0.3293880000000002, 0.3333440000000002, 0.30094899999999997, 0.3658472999999999, 0.35471929999999996, 0.3616507000000004, 0.31954239999999967, 0.3178984999999998, 0.2947385000000004, 0.31092520000000007, 0.30270749999999985, 0.32368879999999983, 0.30506459999999985, 0.32958989999999977, 0.3104809, 0.3394067999999997, 0.31637950000000015, 0.34516169999999974, 0.352367, 0.3589282000000002, 0.3652713999999997, 0.3701125000000003, 0.37528629999999996, 0.37849099999999986, 0.37791870000000033, 0.3769696999999999, 0.36601430000000007, 0.3473512000000005, 0.4387637000000003, 0.38620099999999996, 0.3157337000000006, 0.3205209, 0.3359712, 0.34455190000000024, 0.3491882, 0.3500942999999999, 0.35807859999999975, 0.36762529999999993, 0.37400889999999953, 0.3785054000000006, 0.3848021000000001, 0.3815335000000007, 0.3754511000000001, 0.36798510000000023, 0.3656046, 0.37075970000000025, null, null, null, null, null, 0.31609910000000024, 0.27021400000000023, 0.2785855000000002, 0.2255637000000001, 0.2259104000000003, 0.23771429999999993, 0.24941599999999986, 0.2570348, 0.2636015999999999, 0.2700169000000002, 0.2742144000000002, 0.27931789999999995, 0.2839939000000002, 0.28840739999999976, 0.29436399999999957, 0.2981315000000004, 0.30051350000000027, 0.30215670000000017, 0.3036894000000002, 0.3005531999999997, 0.2993662999999994, 0.2967076, 0.2923957, 0.28915870000000027, 0.2849653000000001, 0.28004330000000005, 0.2799991000000004, 0.28275490000000025, 0.2780844000000004, 0.2743541999999997, 0.27458060000000023, 0.1800536999999999, 0.1799872999999998, 0.18971230000000008, 0.1776396999999999, 0.17577219999999993, 0.1763339000000001, 0.18487549999999991, 0.19634770000000001, 0.19757909999999987, 0.19061480000000008, 0.1917933999999998, 0.1916773000000002, 0.19622200000000017, 0.1947357000000002, 0.19391880000000003, 0.19737610000000022, 0.19747830000000002, 0.1988131, 0.19975990000000002, 0.19989870000000015, 0.1987296000000002, 0.2003512, 0.1992186999999999, 0.1997839000000002, 0.19877459999999997, 0.20023110000000013, 0.1978774999999999, 0.19890790000000017, 0.2004630999999999, 0.2017019999999999, 0.19936719999999994, 0.19395020000000024, 0.1887906000000003, 0.18382959999999998, 0.17778470000000002, 0.17530020000000035, 0.17324380000000003, 0.16768720000000023, 0.1637012999999998, 0.16271750000000015, 0.15802159999999993, 0.15796640000000028, 0.1573817000000001, 0.15293780000000004, 0.1485817000000001, 0.15095810000000004, 0.1532601999999999, 0.1509377000000002, 0.1492108000000002, 0.14608539999999998, 0.15021739999999995, 0.15178259999999985, 0.1483351999999999, 0.14683109999999996, 0.1539478, 0.15998440000000014, 0.1702627, 0.16557419999999995],