{"filename": "ENMAP_17_MASKED.TIF", "labels": [418.416, 424.043, 429.457, 434.686, 439.757, 444.699, 449.539, 454.306, 459.031, 463.73, 468.411, 473.08, 477.744, 482.411, 487.087, 491.78, 496.497, 501.243, 506.02, 510.828, 515.672, 520.55, 525.467, 530.424, 535.422, 540.463, 545.551, 550.687, 555.873, 561.112, 566.405, 571.756, 577.166, 582.636, 588.171, 593.773, 599.446, 605.193, 611.017, 616.923, 622.92, 628.987, 635.112, 641.294, 647.537, 653.841, 660.207, 666.637, 673.131, 679.691, 686.319, 693.014, 699.78, 706.617, 713.524, 720.501, 727.545, 734.654, 741.826, 749.06, 756.353, 763.703, 771.108, 778.567, 786.078, 793.639, 801.248, 808.905, 816.608, 824.355, 832.145, 839.976, 847.847, 855.757, 863.703, 871.683, 879.692, 887.729, 895.789, 901.962, 903.87, 911.572, 911.968, 920.08, 921.32, 928.204, 931.204, 936.335, 941.218, 944.47, 951.361, 952.608, 960.748, 961.629, 968.891, 972.017, 977.037, 982.524, 985.186, 993.145, 993.338, 1003.88, 1014.72, 1025.66, 1036.7, 1047.84, 1059.07, 1070.39, 1081.79, 1093.26, 1104.81, 1116.43, 1128.11, 1139.84, 1151.62, 1163.44, 1175.31, 1187.2, 1199.11, 1211.05, 1223.0, 1234.97, 1246.95, 1258.93, 1270.92, 1282.92, 1294.91, 1306.9, 1318.88, 1330.86, 1342.82, 1354.76, 1366.69, 1378.6, 1390.48, 1449.43, 1461.11, 1472.74, 1484.34, 1495.89, 1507.4, 1518.87, 1530.29, 1541.68, 1553.01, 1564.31, 1575.55, 1586.76, 1597.91, 1609.02, 1620.09, 1631.11, 1642.08, 1653.0, 1663.87, 1674.7, 1685.47, 1696.2, 1706.87, 1717.5, 1728.08, 1738.6, 1749.08, 1759.51, 1769.89, 1780.22, 1967.66, 1977.08, 1986.45, 1995.79, 2005.08, 2014.33, 2023.54, 2032.71, 2041.83, 2050.92, 2059.96, 2068.97, 2077.93, 2086.86, 2095.74, 2104.59, 2113.4, 2122.17, 2130.9, 2139.6, 2148.26, 2156.88, 2165.47, 2174.02, 2182.53, 2191.01, 2199.46, 2207.86, 2216.24, 2224.58, 2232.89, 2241.16, 2249.4, 2257.61, 2265.79, 2273.93, 2282.04, 2290.12, 2298.17, 2306.19, 2314.18, 2322.13, 2330.05, 2337.94, 2345.81, 2353.64, 2361.44, 2369.21, 2376.95, 2384.66, 2392.34, 2400.0, 2407.62, 2415.21, 2422.78, 2430.32, 2437.83, 2445.3], "mean": [0.0415114, 0.03978469999999997, 0.04172930000000005, 0.042395199999999966, 0.04320989999999998, 0.043090999999999983, 0.04460270000000006, 0.04580270000000002, 0.04618000000000003, 0.047652200000000075, 0.04797909999999995, 0.04784959999999996, 0.04849649999999996, 0.04985790000000002, 0.05090559999999999, 0.05050900000000003, 0.0512348, 0.05275530000000002, 0.053475999999999975, 0.056657, 0.0614366999999999, 0.06552310000000007, 0.07039290000000004, 0.07555900000000007, 0.0794766999999999, 0.08254380000000003, 0.08439889999999994, 0.08641960000000001, 0.08753640000000007, 0.0872177, 0.08577029999999997, 0.08271039999999995, 0.08376950000000001, 0.0824097, 0.08069040000000006, 0.07961180000000001, 0.07946220000000001, 0.07921139999999997, 0.07793649999999999, 0.07616260000000001, 0.07335370000000015, 0.07254809999999991, 0.0741813, 0.07346040000000006, 0.07155460000000001, 0.0690339, 0.06777330000000006, 0.06664649999999998, 0.0659494, 0.06540549999999995, 0.06936139999999998, 0.08202870000000008, 0.10384310000000001, 0.13216440000000013, 0.16508070000000005, 0.1953628256513027, 0.23754218436873756, 0.28115310621242506, 0.3153230460921847, 0.3318794589178361, 0.3504376753507012, 0.3436850701402805, 0.3681288577154304, 0.3716862725450902, 0.37172194388777613, 0.3775519038076149, 0.37966002004008004, 0.3862724448897793, 0.3803997995991983, 0.3900360721442886, 0.38878587174348656, 0.3973142284569139, 0.40334989979959884, 0.40596342685370745, 0.41279198396793537, 0.41334118236472966, 0.41692254509018023, 0.41598817635270524, 0.41239068136272505, 0.40921292585170327, 0.4021241482965939, 0.39519839679358737, 0.39195801603206426, 0.37182675350701444, 0.41067645290581173, 0.41403396793587216, 0.35812525050100225, 0.4387510020040084, 0.3994537074148299, 0.4264721442885768, 0.3718828657314633, 0.3813214428857712, 0.3578614228456911, 0.3765906813627252, 0.3714903807615227, 0.39400280561122236, 0.37697715430861756, 0.4052343687374752, 0.38555280561122285, 0.4175537074148291, 0.392923046092185, 0.4237271543086176, 0.4302910821643289, 0.4390334669338674, 0.44808206412825663, 0.4535865731462929, 0.4585939879759516, 0.4617144288577153, 0.4587396793587173, 0.45312494989979935, 0.43441402805611173, 0.39640120240480925, 0.435224649298597, 0.40502434869739523, 0.34472605210420815, 0.3606270000000002, 0.37237039999999993, 0.3775025999999995, 0.38240030000000036, 0.38542720000000014, 0.3962541999999998, 0.4083902999999996, 0.41535549999999977, 0.4178155999999997, 0.42342019999999975, 0.42027299999999984, 0.4097249999999998, 0.39529040000000043, 0.3823354354354355, 0.3740211422845693, null, null, null, null, null, 0.22438176352705436, 0.18937500000000004, 0.2028046000000001, 0.16943859999999986, 0.16142062062062076, 0.16906679999999977, 0.18053259999999977, 0.18957560000000018, 0.1987105, 0.20813460000000017, 0.21538069999999973, 0.22352109999999975, 0.2306685, 0.2365077999999999, 0.24421769999999976, 0.2493551, 0.25295390000000006, 0.2555562000000002, 0.2578732999999997, 0.25611240000000024, 0.25619850000000005, 0.2540909, 0.25021950000000015, 0.24640550000000025, 0.24170279999999986, 0.23695630000000031, 0.23433680000000023, 0.23411830000000014, 0.22881330000000016, 0.22781789999999985, 0.22975500000000013, 0.10596850000000003, 0.09647419999999998, 0.09801580000000008, 0.09310609999999978, 0.10496479999999997, 0.10605320000000015, 0.10501520000000007, 0.10731060000000006, 0.10934769999999995, 0.10803690000000012, 0.11181470000000009, 0.11490610000000011, 0.11795069999999994, 0.11784609999999991, 0.11836840000000008, 0.12179040000000008, 0.12294859999999995, 0.12262220000000007, 0.12507080000000004, 0.12638538538538538, 0.1253217000000001, 0.12705499999999995, 0.12811399999999998, 0.12896870000000016, 0.1285434, 0.13091609999999995, 0.13008820000000007, 0.13240669999999988, 0.13255130000000004, 0.13287530000000006, 0.13117720000000002, 0.12738318318318315, 0.1234775, 0.12069519999999993, 0.1163542000000001, 0.1138425425425425, 0.1116033999999999, 0.1078834000000001, 0.10496969999999996, 0.10279670000000009, 0.09910459999999982, 0.10054480000000007, 0.0977245245245246, 0.09503019999999988, 0.09346379999999987, 0.09534700000000002, 0.09311970000000003, 0.09346829999999988, 0.09375120000000002, 0.09571030000000001, 0.09372890000000003, 0.09212830000000004, 0.09611219999999995, 0.10293959999999998, 0.10003210000000004, 0.09694299999999993, 0.10747819999999997, 0.1106574],