{"filename": "ENMAP_19_MASKED.TIF", "labels": [418.416, 424.043, 429.457, 434.686, 439.757, 444.699, 449.539, 454.306, 459.031, 463.73, 468.411, 473.08, 477.744, 482.411, 487.087, 491.78, 496.497, 501.243, 506.02, 510.828, 515.672, 520.55, 525.467, 530.424, 535.422, 540.463, 545.551, 550.687, 555.873, 561.112, 566.405, 571.756, 577.166, 582.636, 588.171, 593.773, 599.446, 605.193, 611.017, 616.923, 622.92, 628.987, 635.112, 641.294, 647.537, 653.841, 660.207, 666.637, 673.131, 679.691, 686.319, 693.014, 699.78, 706.617, 713.524, 720.501, 727.545, 734.654, 741.826, 749.06, 756.353, 763.703, 771.108, 778.567, 786.078, 793.639, 801.248, 808.905, 816.608, 824.355, 832.145, 839.976, 847.847, 855.757, 863.703, 871.683, 879.692, 887.729, 895.789, 901.962, 903.87, 911.572, 911.968, 920.08, 921.32, 928.204, 931.204, 936.335, 941.218, 944.47, 951.361, 952.608, 960.748, 961.629, 968.891, 972.017, 977.037, 982.524, 985.186, 993.145, 993.338, 1003.88, 1014.72, 1025.66, 1036.7, 1047.84, 1059.07, 1070.39, 1081.79, 1093.26, 1104.81, 1116.43, 1128.11, 1139.84, 1151.62, 1163.44, 1175.31, 1187.2, 1199.11, 1211.05, 1223.0, 1234.97, 1246.95, 1258.93, 1270.92, 1282.92, 1294.91, 1306.9, 1318.88, 1330.86, 1342.82, 1354.76, 1366.69, 1378.6, 1390.48, 1449.43, 1461.11, 1472.74, 1484.34, 1495.89, 1507.4, 1518.87, 1530.29, 1541.68, 1553.01, 1564.31, 1575.55, 1586.76, 1597.91, 1609.02, 1620.09, 1631.11, 1642.08, 1653.0, 1663.87, 1674.7, 1685.47, 1696.2, 1706.87, 1717.5, 1728.08, 1738.6, 1749.08, 1759.51, 1769.89, 1780.22, 1967.66, 1977.08, 1986.45, 1995.79, 2005.08, 2014.33, 2023.54, 2032.71, 2041.83, 2050.92, 2059.96, 2068.97, 2077.93, 2086.86, 2095.74, 2104.59, 2113.4, 2122.17, 2130.9, 2139.6, 2148.26, 2156.88, 2165.47, 2174.02, 2182.53, 2191.01, 2199.46, 2207.86, 2216.24, 2224.58, 2232.89, 2241.16, 2249.4, 2257.61, 2265.79, 2273.93, 2282.04, 2290.12, 2298.17, 2306.19, 2314.18, 2322.13, 2330.05, 2337.94, 2345.81, 2353.64, 2361.44, 2369.21, 2376.95, 2384.66, 2392.34, 2400.0, 2407.62, 2415.21, 2422.78, 2430.32, 2437.83, 2445.3], "mean": [0.07018036286019219, 0.0698240301724138, 0.07065679405520181, 0.07214757804090421, 0.072626906779661, 0.07320329436769402, 0.07429905561385089, 0.07483552083333331, 0.07524206680584553, 0.07672234927234922, 0.07697829698857739, 0.07713222797927465, 0.07837217030114223, 0.07955092402464072, 0.08029035897435899, 0.08062028688524578, 0.0821001025641027, 0.0835337078651686, 0.08413741080530071, 0.08746724137931028, 0.0923132323232325, 0.09510524193548395, 0.09913185929648237, 0.1035362725450902, 0.10779509018036075, 0.11105150300601199, 0.112982364729459, 0.11562194388777558, 0.11801252505010022, 0.11890670670670661, 0.11910809999999993, 0.11787280000000018, 0.11983959999999998, 0.12072370000000002, 0.12047869999999986, 0.11953189999999982, 0.1201057000000001, 0.12120740740740742, 0.12103499999999977, 0.12001031031031037, 0.11856756756756764, 0.11765085085085095, 0.11918728728728734, 0.11975935935935927, 0.11867287287287283, 0.11667427427427438, 0.11533083083083086, 0.11503527054108223, 0.11452725450901795, 0.11371693386773553, 0.11719289289289275, 0.12540740000000003, 0.14006149999999998, 0.15771259999999993, 0.18037037037037043, 0.19750619999999988, 0.22547990000000023, 0.26077100000000025, 0.2923369999999998, 0.3088328999999998, 0.3283082000000007, 0.31956886886886954, 0.3419090999999999, 0.34621140000000017, 0.346257, 0.3513216000000001, 0.3528784999999996, 0.35949420000000004, 0.34619770000000055, 0.3531550550550552, 0.3483438438438437, 0.3572268537074147, 0.3634471471471476, 0.3633137137137135, 0.3692132999999995, 0.3675321321321322, 0.369601101101101, 0.3665679679679685, 0.3586921921921924, 0.35353883883883863, 0.3464939698492463, 0.33685305305305296, 0.33600221550855963, 0.31795679758308176, 0.3487698698698707, 0.3576760891590677, 0.2957202404809622, 0.3795138036809816, 0.34387474949899816, 0.35982448770491854, 0.30613897795591166, 0.3082801432958034, 0.2842283673469386, 0.30651604814443323, 0.300428875379939, 0.32170551102204403, 0.30451497975708514, 0.33383737474949876, 0.31219697275479324, 0.34656036036036036, 0.32070975855130834, 0.35266256256256245, 0.35941181181181187, 0.3677352352352351, 0.37673093093093085, 0.38221641641641635, 0.3862859000000003, 0.38841710000000035, 0.38350540000000016, 0.3747012999999997, 0.3515431431431435, 0.3154856856856856, 0.42395289999999985, 0.34034760000000025, 0.2686798999999997, 0.27897480000000024, 0.29136750000000017, 0.2960867, 0.300645, 0.3036991000000002, 0.3135757000000003, 0.3249093000000005, 0.33097450000000017, 0.33210320000000004, 0.3369815000000003, 0.33264519999999975, 0.3212381000000002, 0.30596159999999956, 0.2932188188188189, 0.2877748000000001, null, null, null, null, null, 0.2887148999999997, 0.17981069999999993, 0.19566090000000014, 0.1388818, 0.13463770000000005, 0.14376969999999997, 0.15323800000000007, 0.16026319999999997, 0.1670234000000001, 0.17362240000000007, 0.17836100000000013, 0.18439419999999984, 0.18914309999999981, 0.1932826999999999, 0.1986641999999999, 0.20208920000000016, 0.20381440000000015, 0.20569669999999982, 0.2073469999999999, 0.2055762000000002, 0.2056592999999999, 0.20452590000000023, 0.2013906999999999, 0.19833849999999983, 0.19479110000000005, 0.19045240000000024, 0.18877239999999987, 0.18920370000000014, 0.18507050000000008, 0.18216719999999997, 0.18321340000000005, 0.10429269999999997, 0.09800439999999998, 0.10118830000000013, 0.0926547, 0.09864069999999987, 0.09655820000000001, 0.10328290000000002, 0.11021860000000007, 0.11157250000000012, 0.10889659999999998, 0.11165979999999999, 0.11430689999999999, 0.11876399999999998, 0.11869320000000007, 0.11843569999999988, 0.12190259999999992, 0.12228370000000002, 0.12116179999999997, 0.12397000000000008, 0.1247849, 0.12251560000000006, 0.12352149999999994, 0.1242432, 0.12443940000000017, 0.12237699999999987, 0.12458969999999994, 0.12272019999999993, 0.12575050000000013, 0.12517979999999987, 0.1252693, 0.12435879999999995, 0.12145110000000003, 0.11900779999999987, 0.1176041, 0.11417090000000003, 0.11289359999999984, 0.11135930000000012, 0.10712300000000002, 0.10503280000000008, 0.10432540000000001, 0.10071370000000009, 0.10123630000000007, 0.10011729999999988, 0.09628600000000004, 0.09378940000000002, 0.09593289999999996, 0.09593139999999999, 0.09427819999999996, 0.09309900000000014, 0.09260859999999994, 0.09507680000000009, 0.09538988988988996, 0.09546379999999996, 0.10023400000000003, 0.10436740000000005, 0.10756889999999994, 0.12487029999999998, 0.12418189999999998],