{"filename": "ENMAP_25_MASKED.TIF", "labels": [418.416, 424.043, 429.457, 434.686, 439.757, 444.699, 449.539, 454.306, 459.031, 463.73, 468.411, 473.08, 477.744, 482.411, 487.087, 491.78, 496.497, 501.243, 506.02, 510.828, 515.672, 520.55, 525.467, 530.424, 535.422, 540.463, 545.551, 550.687, 555.873, 561.112, 566.405, 571.756, 577.166, 582.636, 588.171, 593.773, 599.446, 605.193, 611.017, 616.923, 622.92, 628.987, 635.112, 641.294, 647.537, 653.841, 660.207, 666.637, 673.131, 679.691, 686.319, 693.014, 699.78, 706.617, 713.524, 720.501, 727.545, 734.654, 741.826, 749.06, 756.353, 763.703, 771.108, 778.567, 786.078, 793.639, 801.248, 808.905, 816.608, 824.355, 832.145, 839.976, 847.847, 855.757, 863.703, 871.683, 879.692, 887.729, 895.789, 901.962, 903.87, 911.572, 911.968, 920.08, 921.32, 928.204, 931.204, 936.335, 941.218, 944.47, 951.361, 952.608, 960.748, 961.629, 968.891, 972.017, 977.037, 982.524, 985.186, 993.145, 993.338, 1003.88, 1014.72, 1025.66, 1036.7, 1047.84, 1059.07, 1070.39, 1081.79, 1093.26, 1104.81, 1116.43, 1128.11, 1139.84, 1151.62, 1163.44, 1175.31, 1187.2, 1199.11, 1211.05, 1223.0, 1234.97, 1246.95, 1258.93, 1270.92, 1282.92, 1294.91, 1306.9, 1318.88, 1330.86, 1342.82, 1354.76, 1366.69, 1378.6, 1390.48, 1449.43, 1461.11, 1472.74, 1484.34, 1495.89, 1507.4, 1518.87, 1530.29, 1541.68, 1553.01, 1564.31, 1575.55, 1586.76, 1597.91, 1609.02, 1620.09, 1631.11, 1642.08, 1653.0, 1663.87, 1674.7, 1685.47, 1696.2, 1706.87, 1717.5, 1728.08, 1738.6, 1749.08, 1759.51, 1769.89, 1780.22, 1967.66, 1977.08, 1986.45, 1995.79, 2005.08, 2014.33, 2023.54, 2032.71, 2041.83, 2050.92, 2059.96, 2068.97, 2077.93, 2086.86, 2095.74, 2104.59, 2113.4, 2122.17, 2130.9, 2139.6, 2148.26, 2156.88, 2165.47, 2174.02, 2182.53, 2191.01, 2199.46, 2207.86, 2216.24, 2224.58, 2232.89, 2241.16, 2249.4, 2257.61, 2265.79, 2273.93, 2282.04, 2290.12, 2298.17, 2306.19, 2314.18, 2322.13, 2330.05, 2337.94, 2345.81, 2353.64, 2361.44, 2369.21, 2376.95, 2384.66, 2392.34, 2400.0, 2407.62, 2415.21, 2422.78, 2430.32, 2437.83, 2445.3], "mean": [0.03836400000000001, 0.03673769999999999, 0.03856499999999996, 0.03925909999999997, 0.04008139999999996, 0.03997030000000005, 0.04147160000000008, 0.04272279999999996, 0.04314100000000003, 0.044589199999999905, 0.044913999999999975, 0.044783400000000036, 0.045373999999999935, 0.04673440000000006, 0.047891599999999986, 0.04740600000000003, 0.048168700000000036, 0.049724100000000035, 0.05044309999999996, 0.05366060000000008, 0.05851809999999993, 0.0625986, 0.06755059999999995, 0.0727521, 0.07681429999999995, 0.0799503, 0.08181879999999997, 0.08386679999999994, 0.08503989999999993, 0.08480320000000001, 0.0832921000000001, 0.0802381, 0.08134079999999996, 0.07998199999999997, 0.07834130000000002, 0.07727449999999987, 0.07716390000000004, 0.07694490000000005, 0.07566410000000005, 0.07389009999999993, 0.07098050000000004, 0.07012640000000007, 0.07189679999999997, 0.07114629999999998, 0.06920780000000006, 0.06668269999999996, 0.06546610000000001, 0.06430649999999997, 0.0636539, 0.06306300000000001, 0.06693279999999999, 0.0798495000000001, 0.10205710000000003, 0.1308944000000002, 0.16438610000000003, 0.19520879999999968, 0.23807439999999974, 0.28284520000000013, 0.31758470000000005, 0.3343081000000002, 0.3530155000000001, 0.34625609999999957, 0.37123999999999985, 0.37477450000000007, 0.37478139999999976, 0.3811252000000001, 0.3832427999999998, 0.38995090000000027, 0.384266, 0.3941563000000006, 0.39266700000000004, 0.4009558999999996, 0.40697689999999964, 0.4095541999999992, 0.4162861000000004, 0.4171646999999999, 0.4204642999999998, 0.4197919000000007, 0.4166328, 0.41294700000000006, 0.40621030000000014, 0.3988863999999998, 0.39594239999999986, 0.3754601999999997, 0.41447100000000026, 0.4176902999999993, 0.3609359999999996, 0.44192212212212206, 0.40146749999999976, 0.43086166166166096, 0.37391719999999967, 0.3858180180180179, 0.362003003003003, 0.379474, 0.3752133000000003, 0.3975154999999995, 0.3806040999999999, 0.40864309999999987, 0.38919090000000045, 0.42080340000000005, 0.3962886, 0.4269606999999999, 0.43339909999999987, 0.44218109999999994, 0.45134249999999954, 0.45692700000000025, 0.4619623, 0.4652926, 0.46246870000000023, 0.4571063999999999, 0.43859030000000004, 0.39863590000000004, 0.4313959000000001, 0.4056496000000005, 0.3451104000000005, 0.3641476999999998, 0.37606810000000024, 0.38135629999999965, 0.3863221999999999, 0.3892993000000002, 0.4001148000000001, 0.41229929999999976, 0.41922799999999977, 0.42158890000000093, 0.4270920999999997, 0.4244046999999998, 0.413955, 0.39946359999999953, 0.3859722000000007, 0.37621750000000015, null, null, null, null, null, 0.2101588588588588, 0.18042479999999986, 0.19270770000000004, 0.16409930000000023, 0.1596160000000002, 0.16838829999999985, 0.18024839999999995, 0.18959869999999993, 0.19885960000000016, 0.20845050000000032, 0.21569890000000003, 0.22389049999999983, 0.23123009999999972, 0.2371378000000002, 0.2449424000000002, 0.2501666000000002, 0.2538485000000001, 0.2564605000000001, 0.25874519999999984, 0.25692210000000004, 0.2570293999999997, 0.25481550000000014, 0.25079499999999977, 0.24684230000000013, 0.2420381000000003, 0.2371515999999997, 0.23448230000000003, 0.2342348000000001, 0.2288337000000005, 0.22708859999999984, 0.22790140000000023, 0.10047920000000019, 0.09280900000000006, 0.09485790000000001, 0.0896130000000001, 0.09884920000000004, 0.10021090000000005, 0.10166499999999992, 0.1050756, 0.10702569999999996, 0.10523919999999992, 0.10903810000000001, 0.1120735999999999, 0.11548189999999986, 0.11570669999999988, 0.1162300999999999, 0.11977670000000008, 0.12097139999999994, 0.12027550000000002, 0.12298749999999997, 0.12414440000000006, 0.12296330000000005, 0.12461290000000007, 0.12562579999999995, 0.1266284000000001, 0.12598039999999996, 0.12842170000000003, 0.1275085999999999, 0.12998300000000007, 0.13035209999999992, 0.1307499, 0.12914200000000006, 0.12516020000000005, 0.12124280000000018, 0.11856050000000012, 0.11405980000000006, 0.11148440000000019, 0.10922590000000007, 0.10530839999999987, 0.10236220000000004, 0.10033340000000014, 0.09646859999999988, 0.09767189999999999, 0.09497219999999998, 0.09203199999999975, 0.09016820000000002, 0.09189369999999983, 0.0901837000000001, 0.08995829999999996, 0.08972280000000006, 0.09109089999999992, 0.08958179999999992, 0.08816060000000009, 0.09094150000000009, 0.09574220000000004, 0.09433440000000003, 0.09203209999999999, 0.10145990000000005, 0.10233010000000006],