{"filename": "ENMAP_14_MASKED.TIF", "labels": [418.416, 424.043, 429.457, 434.686, 439.757, 444.699, 449.539, 454.306, 459.031, 463.73, 468.411, 473.08, 477.744, 482.411, 487.087, 491.78, 496.497, 501.243, 506.02, 510.828, 515.672, 520.55, 525.467, 530.424, 535.422, 540.463, 545.551, 550.687, 555.873, 561.112, 566.405, 571.756, 577.166, 582.636, 588.171, 593.773, 599.446, 605.193, 611.017, 616.923, 622.92, 628.987, 635.112, 641.294, 647.537, 653.841, 660.207, 666.637, 673.131, 679.691, 686.319, 693.014, 699.78, 706.617, 713.524, 720.501, 727.545, 734.654, 741.826, 749.06, 756.353, 763.703, 771.108, 778.567, 786.078, 793.639, 801.248, 808.905, 816.608, 824.355, 832.145, 839.976, 847.847, 855.757, 863.703, 871.683, 879.692, 887.729, 895.789, 901.962, 903.87, 911.572, 911.968, 920.08, 921.32, 928.204, 931.204, 936.335, 941.218, 944.47, 951.361, 952.608, 960.748, 961.629, 968.891, 972.017, 977.037, 982.524, 985.186, 993.145, 993.338, 1003.88, 1014.72, 1025.66, 1036.7, 1047.84, 1059.07, 1070.39, 1081.79, 1093.26, 1104.81, 1116.43, 1128.11, 1139.84, 1151.62, 1163.44, 1175.31, 1187.2, 1199.11, 1211.05, 1223.0, 1234.97, 1246.95, 1258.93, 1270.92, 1282.92, 1294.91, 1306.9, 1318.88, 1330.86, 1342.82, 1354.76, 1366.69, 1378.6, 1390.48, 1449.43, 1461.11, 1472.74, 1484.34, 1495.89, 1507.4, 1518.87, 1530.29, 1541.68, 1553.01, 1564.31, 1575.55, 1586.76, 1597.91, 1609.02, 1620.09, 1631.11, 1642.08, 1653.0, 1663.87, 1674.7, 1685.47, 1696.2, 1706.87, 1717.5, 1728.08, 1738.6, 1749.08, 1759.51, 1769.89, 1780.22, 1967.66, 1977.08, 1986.45, 1995.79, 2005.08, 2014.33, 2023.54, 2032.71, 2041.83, 2050.92, 2059.96, 2068.97, 2077.93, 2086.86, 2095.74, 2104.59, 2113.4, 2122.17, 2130.9, 2139.6, 2148.26, 2156.88, 2165.47, 2174.02, 2182.53, 2191.01, 2199.46, 2207.86, 2216.24, 2224.58, 2232.89, 2241.16, 2249.4, 2257.61, 2265.79, 2273.93, 2282.04, 2290.12, 2298.17, 2306.19, 2314.18, 2322.13, 2330.05, 2337.94, 2345.81, 2353.64, 2361.44, 2369.21, 2376.95, 2384.66, 2392.34, 2400.0, 2407.62, 2415.21, 2422.78, 2430.32, 2437.83, 2445.3], "mean": [0.03288120000000002, 0.0321797, 0.03516560000000004, 0.03590840000000003, 0.037354699999999984, 0.03769160000000003, 0.03978820000000005, 0.04154269999999999, 0.04222330000000004, 0.04415590000000007, 0.04468419999999995, 0.04452869999999999, 0.04551320000000001, 0.04770910000000008, 0.04922880000000003, 0.048896199999999945, 0.050031599999999996, 0.05215899999999997, 0.053141799999999975, 0.05582740000000004, 0.05990000000000008, 0.062295800000000005, 0.06574250000000005, 0.06953350000000001, 0.07291380000000003, 0.07602279999999995, 0.07781649999999991, 0.0795441999999999, 0.08111699999999993, 0.0819693000000001, 0.08220640000000014, 0.08138020000000008, 0.08259030000000009, 0.08248549999999993, 0.08186200000000002, 0.08141320000000005, 0.0810808, 0.0808449, 0.08026120000000012, 0.07931219999999987, 0.07849850000000005, 0.07839750000000002, 0.07930159999999996, 0.07952500000000023, 0.0787169, 0.0768593, 0.07569639999999998, 0.07463069999999997, 0.07399399999999993, 0.07466799999999989, 0.0787753, 0.08885029999999988, 0.10466090000000006, 0.12237039999999993, 0.14206159999999984, 0.16026480000000026, 0.18287269999999967, 0.20526669999999994, 0.22162149999999983, 0.23055660000000008, 0.24319380000000013, 0.22663330000000004, 0.2485171999999999, 0.2528377, 0.2561535999999998, 0.25967740000000017, 0.2623315, 0.26784950000000013, 0.2629553000000001, 0.2693647999999999, 0.2680751000000001, 0.27262549999999997, 0.2756898, 0.27718780000000065, 0.2804441000000001, 0.2823801000000002, 0.28571870000000016, 0.2843136, 0.2841578000000003, 0.2966980999999999, 0.2868722722722727, 0.2908793999999999, 0.2825257000000002, 0.2737164999999999, 0.30109500000000017, 0.2968044000000003, 0.26888700000000026, 0.340689848812095, 0.32459789999999983, 0.34525510869565246, 0.3008715999999998, 0.3111326797385623, 0.28646006389776385, 0.2956510000000001, 0.27804420946626385, 0.30052539999999994, 0.27837260825780435, 0.3047826000000003, 0.2795925851703407, 0.3087066000000001, 0.2824378378378381, 0.31168169999999984, 0.31630930000000024, 0.32085859999999927, 0.32515000000000044, 0.3282269000000002, 0.33199929999999983, 0.3360061000000003, 0.3362922000000002, 0.3364207000000003, 0.33209860000000013, 0.3100388000000003, 0.38472719999999944, 0.35167150000000064, 0.3043442000000002, 0.3022686999999996, 0.30505539999999964, 0.31046400000000024, 0.31156470000000025, 0.3130621000000001, 0.3191845999999999, 0.3259816, 0.32999189999999995, 0.33202650000000045, 0.3400652999999998, 0.3378701000000001, 0.33339869999999966, 0.32741169999999986, 0.3228140000000004, 0.32066559999999983, null, null, null, null, null, 0.20986650000000015, 0.18503629999999993, 0.19352790000000006, 0.1721103, 0.17156679999999974, 0.1787667000000001, 0.18787480000000006, 0.19472190000000028, 0.2012289000000001, 0.20789629999999995, 0.21281359999999983, 0.21933280000000047, 0.2246905000000001, 0.2289991999999998, 0.2353941999999999, 0.23904520000000015, 0.24114870000000013, 0.2435048999999995, 0.24594619999999975, 0.24373589999999967, 0.24340650000000005, 0.2407711000000001, 0.2368532000000002, 0.23315299999999992, 0.22887729999999964, 0.22472600000000037, 0.22508949999999964, 0.2263593, 0.22158709999999981, 0.2209844999999998, 0.22109879999999993, 0.11296209999999995, 0.11287840000000005, 0.11775000000000009, 0.1079742, 0.108722, 0.11096889999999987, 0.12007109999999996, 0.1269179, 0.12838950000000027, 0.12288919999999999, 0.1269840000000001, 0.12915390000000013, 0.1339823999999998, 0.13358289999999998, 0.13417239999999997, 0.13745739999999992, 0.13820539999999987, 0.1395564, 0.14046030000000007, 0.1406519000000003, 0.13962250000000004, 0.14098520000000017, 0.1405091999999999, 0.14130899999999988, 0.1413672, 0.14368010000000003, 0.1418195999999997, 0.14273120000000003, 0.1452082, 0.1467713, 0.14460249999999994, 0.1403403, 0.13616979999999995, 0.13205650000000008, 0.1274295000000001, 0.12474920000000006, 0.12244909999999998, 0.11765050000000021, 0.11429940000000006, 0.11246909999999999, 0.10810910000000004, 0.11074330000000018, 0.10928360000000006, 0.10520920000000013, 0.10232030000000004, 0.10408959999999987, 0.1048969, 0.10238260000000016, 0.10110270000000006, 0.10016819999999996, 0.10134680000000006, 0.10059139999999993, 0.0991448448448448, 0.0977021999999999, 0.10237619999999997, 0.1010667999999999, 0.1078153, 0.09962209999999995],