{"filename": "ENMAP_11_MASKED.TIF", "labels": [418.416, 424.043, 429.457, 434.686, 439.757, 444.699, 449.539, 454.306, 459.031, 463.73, 468.411, 473.08, 477.744, 482.411, 487.087, 491.78, 496.497, 501.243, 506.02, 510.828, 515.672, 520.55, 525.467, 530.424, 535.422, 540.463, 545.551, 550.687, 555.873, 561.112, 566.405, 571.756, 577.166, 582.636, 588.171, 593.773, 599.446, 605.193, 611.017, 616.923, 622.92, 628.987, 635.112, 641.294, 647.537, 653.841, 660.207, 666.637, 673.131, 679.691, 686.319, 693.014, 699.78, 706.617, 713.524, 720.501, 727.545, 734.654, 741.826, 749.06, 756.353, 763.703, 771.108, 778.567, 786.078, 793.639, 801.248, 808.905, 816.608, 824.355, 832.145, 839.976, 847.847, 855.757, 863.703, 871.683, 879.692, 887.729, 895.789, 901.962, 903.87, 911.572, 911.968, 920.08, 921.32, 928.204, 931.204, 936.335, 941.218, 944.47, 951.361, 952.608, 960.748, 961.629, 968.891, 972.017, 977.037, 982.524, 985.186, 993.145, 993.338, 1003.88, 1014.72, 1025.66, 1036.7, 1047.84, 1059.07, 1070.39, 1081.79, 1093.26, 1104.81, 1116.43, 1128.11, 1139.84, 1151.62, 1163.44, 1175.31, 1187.2, 1199.11, 1211.05, 1223.0, 1234.97, 1246.95, 1258.93, 1270.92, 1282.92, 1294.91, 1306.9, 1318.88, 1330.86, 1342.82, 1354.76, 1366.69, 1378.6, 1390.48, 1449.43, 1461.11, 1472.74, 1484.34, 1495.89, 1507.4, 1518.87, 1530.29, 1541.68, 1553.01, 1564.31, 1575.55, 1586.76, 1597.91, 1609.02, 1620.09, 1631.11, 1642.08, 1653.0, 1663.87, 1674.7, 1685.47, 1696.2, 1706.87, 1717.5, 1728.08, 1738.6, 1749.08, 1759.51, 1769.89, 1780.22, 1967.66, 1977.08, 1986.45, 1995.79, 2005.08, 2014.33, 2023.54, 2032.71, 2041.83, 2050.92, 2059.96, 2068.97, 2077.93, 2086.86, 2095.74, 2104.59, 2113.4, 2122.17, 2130.9, 2139.6, 2148.26, 2156.88, 2165.47, 2174.02, 2182.53, 2191.01, 2199.46, 2207.86, 2216.24, 2224.58, 2232.89, 2241.16, 2249.4, 2257.61, 2265.79, 2273.93, 2282.04, 2290.12, 2298.17, 2306.19, 2314.18, 2322.13, 2330.05, 2337.94, 2345.81, 2353.64, 2361.44, 2369.21, 2376.95, 2384.66, 2392.34, 2400.0, 2407.62, 2415.21, 2422.78, 2430.32, 2437.83, 2445.3], "mean": [0.056448, 0.05595949999999997, 0.0585151, 0.059418200000000004, 0.06112530000000006, 0.06223300000000001, 0.06452169999999996, 0.06640980000000006, 0.06730310000000002, 0.0692702, 0.07030320000000018, 0.0709251000000001, 0.0718942, 0.07374070000000005, 0.07513600000000006, 0.07541260000000001, 0.07671569999999997, 0.07892349999999995, 0.08018369999999998, 0.08310770000000003, 0.08732990000000003, 0.09012519999999999, 0.09372740000000002, 0.0977156, 0.10139629999999997, 0.10483590000000015, 0.10720899999999985, 0.10965789999999996, 0.11194949999999994, 0.11344750000000006, 0.11470530000000012, 0.11490349999999998, 0.11517959999999997, 0.11653820000000002, 0.11735909999999984, 0.11834530000000015, 0.1194961999999999, 0.1207443, 0.12148799999999985, 0.12176570000000003, 0.12310170000000005, 0.12367000000000009, 0.1252003999999999, 0.12683569999999997, 0.12721690000000016, 0.12680529999999995, 0.12700960000000008, 0.1279022000000001, 0.1287714, 0.1305843, 0.13571619999999987, 0.14482199999999987, 0.1609697000000003, 0.1780457999999998, 0.1977695, 0.2111122999999997, 0.23027489999999995, 0.24715529999999994, 0.2611771, 0.26798140000000015, 0.2809128000000002, 0.2671065000000004, 0.2876953, 0.29302389999999984, 0.2965076000000005, 0.3013096, 0.3047747000000002, 0.3123569000000002, 0.3087073000000003, 0.31705300000000014, 0.3142989000000001, 0.3202938000000003, 0.3254353, 0.3282479000000002, 0.33398360000000016, 0.33463080000000023, 0.3390513, 0.3387004999999998, 0.3397205000000002, 0.3456063999999998, 0.3378151000000008, 0.33705729999999956, 0.33172070000000015, 0.3151695000000002, 0.3484300999999995, 0.3537065999999998, 0.30762239999999985, 0.38078729999999994, 0.36720430000000026, 0.3815235999999998, 0.33143120000000004, 0.3331340000000002, 0.3096180000000002, 0.32852809999999927, 0.3204262000000001, 0.3438152999999994, 0.32441190000000014, 0.3493608999999998, 0.32859589999999966, 0.3578049000000001, 0.3336989999999998, 0.3630836, 0.36969140000000084, 0.3763502000000001, 0.38294680000000064, 0.3878060000000001, 0.39302889999999946, 0.39641929999999986, 0.3961868999999996, 0.3960851999999996, 0.3855116999999997, 0.3516843, 0.410887, 0.3976040999999998, 0.32512740000000007, 0.3409436, 0.3572099000000001, 0.3671006000000004, 0.3717337999999999, 0.3721731999999997, 0.37958860000000005, 0.3884734999999993, 0.3943902999999995, 0.39873309999999984, 0.40555559999999957, 0.4029443000000002, 0.3975277000000005, 0.3914346999999997, 0.39390620000000015, 0.4024424999999995, null, null, null, null, null, 0.2641621000000002, 0.27186629999999984, 0.2637186999999994, 0.23531, 0.2480085999999996, 0.2612309999999998, 0.2736595000000003, 0.2812977000000002, 0.28772980000000015, 0.29388109999999945, 0.29776010000000036, 0.3028032000000003, 0.3076020999999998, 0.31179860000000026, 0.3179303000000002, 0.3218599000000002, 0.3241182999999997, 0.3260229, 0.3277888000000002, 0.32431960000000004, 0.3228632999999998, 0.31994360000000016, 0.31550059999999985, 0.31224920000000017, 0.3080625, 0.3034151000000005, 0.30425860000000016, 0.30820499999999995, 0.3038983999999999, 0.3002089999999998, 0.29982569999999986, 0.19838580000000022, 0.2038689000000001, 0.2151357999999999, 0.19796309999999986, 0.1866372000000005, 0.18896030000000005, 0.20636820000000045, 0.21992050000000016, 0.2199388999999998, 0.2105231, 0.21247590000000022, 0.21211100000000008, 0.21747919999999984, 0.21540169999999997, 0.21407570000000006, 0.21779299999999996, 0.21753969999999997, 0.21686099999999953, 0.21838469999999993, 0.21847460000000016, 0.21597010000000025, 0.2172879000000002, 0.21639300000000006, 0.21665919999999997, 0.21461090000000008, 0.2165908000000001, 0.21359150000000005, 0.21560239999999947, 0.21738030000000044, 0.21900710000000007, 0.21676109999999985, 0.2107601999999999, 0.20520640000000043, 0.20082529999999993, 0.19410649999999993, 0.1916080000000001, 0.18952790000000022, 0.18331559999999997, 0.17942539999999987, 0.17897580000000002, 0.17350739999999984, 0.1740717, 0.17373719999999987, 0.1686107999999998, 0.16388309999999995, 0.16765080000000024, 0.17115340000000007, 0.1676367, 0.16562769999999996, 0.1616269999999998, 0.16951990000000006, 0.1723671999999998, 0.16597569999999992, 0.15905939999999988, 0.17723020000000017, 0.18617010000000025, 0.20094020000000015, 0.18264910000000004],