{"filename": "ENMAP_03_MASKED.TIF", "labels": [418.416, 424.043, 429.457, 434.686, 439.757, 444.699, 449.539, 454.306, 459.031, 463.73, 468.411, 473.08, 477.744, 482.411, 487.087, 491.78, 496.497, 501.243, 506.02, 510.828, 515.672, 520.55, 525.467, 530.424, 535.422, 540.463, 545.551, 550.687, 555.873, 561.112, 566.405, 571.756, 577.166, 582.636, 588.171, 593.773, 599.446, 605.193, 611.017, 616.923, 622.92, 628.987, 635.112, 641.294, 647.537, 653.841, 660.207, 666.637, 673.131, 679.691, 686.319, 693.014, 699.78, 706.617, 713.524, 720.501, 727.545, 734.654, 741.826, 749.06, 756.353, 763.703, 771.108, 778.567, 786.078, 793.639, 801.248, 808.905, 816.608, 824.355, 832.145, 839.976, 847.847, 855.757, 863.703, 871.683, 879.692, 887.729, 895.789, 901.962, 903.87, 911.572, 911.968, 920.08, 921.32, 928.204, 931.204, 936.335, 941.218, 944.47, 951.361, 952.608, 960.748, 961.629, 968.891, 972.017, 977.037, 982.524, 985.186, 993.145, 993.338, 1003.88, 1014.72, 1025.66, 1036.7, 1047.84, 1059.07, 1070.39, 1081.79, 1093.26, 1104.81, 1116.43, 1128.11, 1139.84, 1151.62, 1163.44, 1175.31, 1187.2, 1199.11, 1211.05, 1223.0, 1234.97, 1246.95, 1258.93, 1270.92, 1282.92, 1294.91, 1306.9, 1318.88, 1330.86, 1342.82, 1354.76, 1366.69, 1378.6, 1390.48, 1449.43, 1461.11, 1472.74, 1484.34, 1495.89, 1507.4, 1518.87, 1530.29, 1541.68, 1553.01, 1564.31, 1575.55, 1586.76, 1597.91, 1609.02, 1620.09, 1631.11, 1642.08, 1653.0, 1663.87, 1674.7, 1685.47, 1696.2, 1706.87, 1717.5, 1728.08, 1738.6, 1749.08, 1759.51, 1769.89, 1780.22, 1967.66, 1977.08, 1986.45, 1995.79, 2005.08, 2014.33, 2023.54, 2032.71, 2041.83, 2050.92, 2059.96, 2068.97, 2077.93, 2086.86, 2095.74, 2104.59, 2113.4, 2122.17, 2130.9, 2139.6, 2148.26, 2156.88, 2165.47, 2174.02, 2182.53, 2191.01, 2199.46, 2207.86, 2216.24, 2224.58, 2232.89, 2241.16, 2249.4, 2257.61, 2265.79, 2273.93, 2282.04, 2290.12, 2298.17, 2306.19, 2314.18, 2322.13, 2330.05, 2337.94, 2345.81, 2353.64, 2361.44, 2369.21, 2376.95, 2384.66, 2392.34, 2400.0, 2407.62, 2415.21, 2422.78, 2430.32, 2437.83, 2445.3], "mean": [0.04539749498998005, 0.04435395395395403, 0.04635915915915917, 0.04645295295295298, 0.0480411411411412, 0.048052052052052034, 0.049593500000000054, 0.05096279999999997, 0.05129670000000001, 0.053147300000000064, 0.05373809999999996, 0.054235599999999974, 0.05544259999999988, 0.05741219999999998, 0.05857780000000009, 0.059073973973973994, 0.06044890000000012, 0.0624495, 0.06379509999999997, 0.06773789999999998, 0.07300110000000001, 0.07663600000000002, 0.08080300000000004, 0.08537349999999976, 0.08917530000000001, 0.09191679999999999, 0.09352710000000013, 0.09552359999999992, 0.09707269999999994, 0.09746650000000004, 0.0969772999999999, 0.09509740000000007, 0.09623209999999999, 0.09641799999999988, 0.09441329999999996, 0.09374590000000009, 0.09515429999999993, 0.0961384999999999, 0.09556709999999999, 0.09429999999999993, 0.09316339999999991, 0.09236839999999995, 0.09370529999999991, 0.09395839999999998, 0.09192080000000008, 0.0897436, 0.08847589999999994, 0.08724249999999992, 0.08621919999999995, 0.0865753000000001, 0.09109879999999987, 0.1007120999999999, 0.11617129999999994, 0.1332316999999999, 0.15036040000000006, 0.1588024000000001, 0.17821699999999988, 0.20215699999999995, 0.22318459999999996, 0.23366670000000048, 0.24474289999999987, 0.23686670000000007, 0.25235510000000005, 0.2552596, 0.2549544, 0.25674729999999985, 0.2570604999999999, 0.2594726, 0.24963899999999967, 0.25621619999999995, 0.25451270000000026, 0.26060220000000034, 0.2653406, 0.2658255999999999, 0.2700081, 0.269663, 0.2705235000000001, 0.26732439999999996, 0.2600439999999999, 0.25962600000000025, 0.25149439999999984, 0.24762109999999993, 0.23922049999999997, 0.22820529999999972, 0.25502319999999995, 0.24732839999999987, 0.22035290000000016, 0.24958658658658678, 0.24557130000000002, 0.23810998990918245, 0.21689130000000018, 0.20672085452695838, 0.19219738693467345, 0.21568860000000026, 0.2092687000000002, 0.23183710000000013, 0.21251390000000028, 0.24100880000000025, 0.22052239999999979, 0.2531799000000001, 0.22833009999999967, 0.2581621, 0.2631377999999998, 0.26923330000000023, 0.27603539999999993, 0.28057929999999986, 0.28410850000000015, 0.2855682, 0.28116800000000025, 0.2737581000000002, 0.25447990000000037, 0.23321719999999993, 0.3143514999999997, 0.24731989999999987, 0.19456230000000002, 0.20357530000000035, 0.2175236000000001, 0.22214549999999988, 0.22663479999999991, 0.22843820000000023, 0.23506099999999985, 0.24269969999999974, 0.24682730000000014, 0.24780290000000013, 0.2505728999999999, 0.24662169999999986, 0.2382993999999997, 0.2273186000000001, 0.21808630000000018, 0.21605919999999987, null, null, null, null, null, 0.2516723000000002, 0.1527195000000001, 0.16963159999999985, 0.11325020000000004, 0.10700519999999983, 0.11613290000000008, 0.12512600000000007, 0.13228359999999995, 0.13883129999999994, 0.14502340000000016, 0.1494661999999999, 0.15436269999999988, 0.15818800000000002, 0.1617459999999999, 0.16580360000000013, 0.16834800000000008, 0.16990200000000003, 0.17136589999999985, 0.1729679999999998, 0.17231039999999992, 0.17245559999999996, 0.17150070000000014, 0.16887450000000004, 0.16693550000000001, 0.16451259999999995, 0.16067730000000005, 0.15794550000000035, 0.15700349999999982, 0.1526990000000001, 0.1482313999999999, 0.14736580000000013, 0.06912820000000001, 0.06153259999999997, 0.06358710000000001, 0.06152019999999998, 0.07421550000000002, 0.07165649999999996, 0.07019549999999994, 0.07490880000000014, 0.07729760000000006, 0.07753399999999994, 0.0798132, 0.08216840000000009, 0.08564990000000003, 0.08659499999999996, 0.08737929999999992, 0.09062629999999987, 0.09189889999999991, 0.09270919999999994, 0.09520580000000002, 0.09638069999999996, 0.09560710000000003, 0.09637890000000005, 0.09675589999999992, 0.09709279999999992, 0.09597560000000012, 0.09711540000000006, 0.09577680000000009, 0.09737110000000009, 0.09744610000000001, 0.09760049999999992, 0.09690340000000008, 0.09454670000000004, 0.09244650000000001, 0.09070400000000012, 0.08763120000000008, 0.08605280000000015, 0.0845423999999999, 0.0810155999999999, 0.07870420000000018, 0.07740419999999996, 0.07440119999999996, 0.07289340000000026, 0.07166400000000006, 0.06875769999999998, 0.06615660000000001, 0.06624240000000002, 0.06572769999999994, 0.06445630000000001, 0.06268739999999995, 0.06124089999999997, 0.0617094, 0.061241899999999995, 0.06147029999999993, 0.06645350000000005, 0.06455079999999995, 0.06485810000000009, 0.07290769999999998, 0.0794927000000001],