{"filename": "ENMAP_05_MASKED.TIF", "labels": [418.416, 424.043, 429.457, 434.686, 439.757, 444.699, 449.539, 454.306, 459.031, 463.73, 468.411, 473.08, 477.744, 482.411, 487.087, 491.78, 496.497, 501.243, 506.02, 510.828, 515.672, 520.55, 525.467, 530.424, 535.422, 540.463, 545.551, 550.687, 555.873, 561.112, 566.405, 571.756, 577.166, 582.636, 588.171, 593.773, 599.446, 605.193, 611.017, 616.923, 622.92, 628.987, 635.112, 641.294, 647.537, 653.841, 660.207, 666.637, 673.131, 679.691, 686.319, 693.014, 699.78, 706.617, 713.524, 720.501, 727.545, 734.654, 741.826, 749.06, 756.353, 763.703, 771.108, 778.567, 786.078, 793.639, 801.248, 808.905, 816.608, 824.355, 832.145, 839.976, 847.847, 855.757, 863.703, 871.683, 879.692, 887.729, 895.789, 901.962, 903.87, 911.572, 911.968, 920.08, 921.32, 928.204, 931.204, 936.335, 941.218, 944.47, 951.361, 952.608, 960.748, 961.629, 968.891, 972.017, 977.037, 982.524, 985.186, 993.145, 993.338, 1003.88, 1014.72, 1025.66, 1036.7, 1047.84, 1059.07, 1070.39, 1081.79, 1093.26, 1104.81, 1116.43, 1128.11, 1139.84, 1151.62, 1163.44, 1175.31, 1187.2, 1199.11, 1211.05, 1223.0, 1234.97, 1246.95, 1258.93, 1270.92, 1282.92, 1294.91, 1306.9, 1318.88, 1330.86, 1342.82, 1354.76, 1366.69, 1378.6, 1390.48, 1449.43, 1461.11, 1472.74, 1484.34, 1495.89, 1507.4, 1518.87, 1530.29, 1541.68, 1553.01, 1564.31, 1575.55, 1586.76, 1597.91, 1609.02, 1620.09, 1631.11, 1642.08, 1653.0, 1663.87, 1674.7, 1685.47, 1696.2, 1706.87, 1717.5, 1728.08, 1738.6, 1749.08, 1759.51, 1769.89, 1780.22, 1967.66, 1977.08, 1986.45, 1995.79, 2005.08, 2014.33, 2023.54, 2032.71, 2041.83, 2050.92, 2059.96, 2068.97, 2077.93, 2086.86, 2095.74, 2104.59, 2113.4, 2122.17, 2130.9, 2139.6, 2148.26, 2156.88, 2165.47, 2174.02, 2182.53, 2191.01, 2199.46, 2207.86, 2216.24, 2224.58, 2232.89, 2241.16, 2249.4, 2257.61, 2265.79, 2273.93, 2282.04, 2290.12, 2298.17, 2306.19, 2314.18, 2322.13, 2330.05, 2337.94, 2345.81, 2353.64, 2361.44, 2369.21, 2376.95, 2384.66, 2392.34, 2400.0, 2407.62, 2415.21, 2422.78, 2430.32, 2437.83, 2445.3], "mean": [0.031943587174348656, 0.0312443887775551, 0.03350841683366734, 0.033772745490981894, 0.03506372745490985, 0.03519529058116232, 0.036737875751502995, 0.03825070140280561, 0.03858717434869742, 0.04015731462925844, 0.04069068136272533, 0.04068717434869744, 0.04152575150300609, 0.04329429429429422, 0.0445122122122122, 0.04432172172172168, 0.04535135135135137, 0.04712349999999994, 0.047774000000000004, 0.05075329999999999, 0.05519350000000005, 0.057835099999999924, 0.06146220000000004, 0.06541339999999998, 0.06875979999999994, 0.07148369999999998, 0.07286759999999998, 0.07463370000000001, 0.07589210000000002, 0.07614359999999992, 0.07572930000000012, 0.0742165, 0.07575109999999995, 0.07557559999999992, 0.07494049999999995, 0.074349, 0.07445229999999999, 0.07497640000000004, 0.07482102102102098, 0.07398050000000005, 0.07283939999999996, 0.0727365, 0.0742884, 0.07471090000000011, 0.07398510000000004, 0.07251359999999993, 0.07174040000000005, 0.07153270000000012, 0.07147640000000001, 0.07186450000000007, 0.07556570000000001, 0.08458420000000001, 0.10107250000000007, 0.12112020000000011, 0.14540889999999992, 0.16679870000000002, 0.19587759999999999, 0.22770070000000023, 0.2541055, 0.26731489999999997, 0.2841691000000003, 0.2672428000000002, 0.2915107000000003, 0.2972333000000001, 0.2989263000000002, 0.30462229999999996, 0.3068439, 0.3135848, 0.30349610000000005, 0.31147259999999977, 0.3104837999999999, 0.3194852999999998, 0.3258745000000002, 0.32590220000000025, 0.3317945999999999, 0.3322444, 0.3356447999999997, 0.33575640000000023, 0.3313350999999996, 0.33655150000000017, 0.3285133, 0.3254886000000003, 0.32072870000000026, 0.30657780000000034, 0.3367016999999997, 0.3374235999999998, 0.2888882000000002, 0.34485370000000026, 0.3371960999999999, 0.34185679999999996, 0.3053776000000003, 0.3001707000000003, 0.28484370000000014, 0.3075457, 0.3033951000000004, 0.3272885999999999, 0.3074208000000001, 0.3360807000000003, 0.3139295000000006, 0.3482502000000002, 0.3227457999999999, 0.3548275000000001, 0.35949010000000026, 0.366483, 0.3735909999999991, 0.3783909000000001, 0.38305619999999974, 0.38772400000000046, 0.3858029999999998, 0.38223670000000026, 0.3643688000000002, 0.32341340000000024, 0.36388719999999997, 0.34923769999999943, 0.2819160999999996, 0.3030436000000003, 0.3222766999999998, 0.33160329999999955, 0.3370665000000003, 0.33926300000000015, 0.34884579999999976, 0.35946570000000033, 0.3664530000000003, 0.36883179999999977, 0.3745118999999999, 0.3715188999999999, 0.3617457000000001, 0.3501480999999995, 0.3414390999999999, 0.33310730000000005, null, null, null, null, null, 0.16635660000000022, 0.1642179000000003, 0.1610146, 0.14247559999999998, 0.15726549999999992, 0.17221400000000003, 0.18528470000000008, 0.19504410000000008, 0.2039714, 0.21237060000000016, 0.21842109999999976, 0.22540200000000038, 0.23103609999999994, 0.23633779999999988, 0.24294770000000016, 0.24692179999999989, 0.24980080000000018, 0.25226419999999994, 0.25418899999999994, 0.25171240000000034, 0.2508153000000001, 0.24859520000000027, 0.24433379999999988, 0.24061549999999968, 0.2362802000000001, 0.2310780000000002, 0.22883610000000018, 0.22847099999999987, 0.22177910000000012, 0.2138091000000001, 0.20793370000000014, 0.10236419999999992, 0.10606539999999995, 0.11389760000000004, 0.10641709999999995, 0.10315130000000007, 0.10548389999999999, 0.11689819999999979, 0.12700480000000003, 0.12916360000000007, 0.125851, 0.1280659, 0.12932060000000012, 0.13418570000000007, 0.13432820000000004, 0.1343742, 0.13800330000000005, 0.13846289999999967, 0.13792830000000006, 0.1401816000000003, 0.1406303000000001, 0.13852649999999986, 0.13894050000000016, 0.13891869999999995, 0.1394559000000001, 0.13789720000000003, 0.1394643999999999, 0.1370643, 0.13876510000000028, 0.14055559999999992, 0.14211670000000023, 0.14105010000000004, 0.1369453, 0.13311819999999996, 0.13018230000000022, 0.12510409999999997, 0.12300550000000011, 0.12104660000000014, 0.11598380000000001, 0.11247170000000006, 0.11169919999999993, 0.10766000000000005, 0.10615110000000008, 0.10584230000000007, 0.10164340000000006, 0.09739030000000001, 0.09815900000000008, 0.10021280000000016, 0.09658400000000011, 0.09420009999999986, 0.08934360000000006, 0.09439500000000009, 0.09570239999999992, 0.08957410000000007, 0.08339440000000015, 0.09271900000000008, 0.09939820000000006, 0.10591070000000015, 0.09586940000000008],