{"filename": "ENMAP_04_MASKED.TIF", "labels": [418.416, 424.043, 429.457, 434.686, 439.757, 444.699, 449.539, 454.306, 459.031, 463.73, 468.411, 473.08, 477.744, 482.411, 487.087, 491.78, 496.497, 501.243, 506.02, 510.828, 515.672, 520.55, 525.467, 530.424, 535.422, 540.463, 545.551, 550.687, 555.873, 561.112, 566.405, 571.756, 577.166, 582.636, 588.171, 593.773, 599.446, 605.193, 611.017, 616.923, 622.92, 628.987, 635.112, 641.294, 647.537, 653.841, 660.207, 666.637, 673.131, 679.691, 686.319, 693.014, 699.78, 706.617, 713.524, 720.501, 727.545, 734.654, 741.826, 749.06, 756.353, 763.703, 771.108, 778.567, 786.078, 793.639, 801.248, 808.905, 816.608, 824.355, 832.145, 839.976, 847.847, 855.757, 863.703, 871.683, 879.692, 887.729, 895.789, 901.962, 903.87, 911.572, 911.968, 920.08, 921.32, 928.204, 931.204, 936.335, 941.218, 944.47, 951.361, 952.608, 960.748, 961.629, 968.891, 972.017, 977.037, 982.524, 985.186, 993.145, 993.338, 1003.88, 1014.72, 1025.66, 1036.7, 1047.84, 1059.07, 1070.39, 1081.79, 1093.26, 1104.81, 1116.43, 1128.11, 1139.84, 1151.62, 1163.44, 1175.31, 1187.2, 1199.11, 1211.05, 1223.0, 1234.97, 1246.95, 1258.93, 1270.92, 1282.92, 1294.91, 1306.9, 1318.88, 1330.86, 1342.82, 1354.76, 1366.69, 1378.6, 1390.48, 1449.43, 1461.11, 1472.74, 1484.34, 1495.89, 1507.4, 1518.87, 1530.29, 1541.68, 1553.01, 1564.31, 1575.55, 1586.76, 1597.91, 1609.02, 1620.09, 1631.11, 1642.08, 1653.0, 1663.87, 1674.7, 1685.47, 1696.2, 1706.87, 1717.5, 1728.08, 1738.6, 1749.08, 1759.51, 1769.89, 1780.22, 1967.66, 1977.08, 1986.45, 1995.79, 2005.08, 2014.33, 2023.54, 2032.71, 2041.83, 2050.92, 2059.96, 2068.97, 2077.93, 2086.86, 2095.74, 2104.59, 2113.4, 2122.17, 2130.9, 2139.6, 2148.26, 2156.88, 2165.47, 2174.02, 2182.53, 2191.01, 2199.46, 2207.86, 2216.24, 2224.58, 2232.89, 2241.16, 2249.4, 2257.61, 2265.79, 2273.93, 2282.04, 2290.12, 2298.17, 2306.19, 2314.18, 2322.13, 2330.05, 2337.94, 2345.81, 2353.64, 2361.44, 2369.21, 2376.95, 2384.66, 2392.34, 2400.0, 2407.62, 2415.21, 2422.78, 2430.32, 2437.83, 2445.3], "mean": [0.04962960000000003, 0.049382600000000026, 0.05234859999999997, 0.05396220000000003, 0.05642739999999998, 0.05661600000000004, 0.058314399999999926, 0.0600776, 0.06093929999999999, 0.0631483999999999, 0.06405980000000003, 0.0648101, 0.06625580000000006, 0.0687910999999999, 0.07060459999999995, 0.07139910000000003, 0.07276710000000003, 0.0747923, 0.07566919999999996, 0.07872499999999993, 0.08298219999999991, 0.08523130000000002, 0.08812100000000003, 0.09154350000000011, 0.09469250000000004, 0.09728250000000002, 0.09893379999999997, 0.10097159999999994, 0.10272610000000003, 0.10374459999999996, 0.10432380000000012, 0.10398950000000005, 0.10830539999999986, 0.10939659999999995, 0.10813389999999992, 0.10794910000000009, 0.10914640000000007, 0.11067150000000006, 0.11123200000000003, 0.11137910000000009, 0.11052429999999996, 0.11067150000000009, 0.11369460000000008, 0.11523859999999995, 0.11490150000000009, 0.11432819999999984, 0.1147568, 0.11585089999999991, 0.11661399999999994, 0.11716389999999989, 0.12033650000000003, 0.12505470000000013, 0.1357417, 0.1478115999999998, 0.1635339, 0.1708840999999997, 0.18807310000000013, 0.2084519999999999, 0.22614470000000006, 0.2350528999999996, 0.24822320000000012, 0.23034990000000005, 0.25101380000000006, 0.25614830000000005, 0.25736870000000006, 0.25986669999999995, 0.2614973, 0.26705650000000036, 0.25643329999999986, 0.26349729999999977, 0.26274220000000004, 0.2712840999999999, 0.2772902000000001, 0.2787456999999997, 0.28356480000000023, 0.28431179999999984, 0.2875879, 0.28558079999999997, 0.2814234000000002, 0.28627400000000014, 0.2790155999999998, 0.2758469999999998, 0.2704341000000003, 0.2592893, 0.2865148000000004, 0.28488900000000017, 0.24295129999999993, 0.28656730000000014, 0.2881810999999999, 0.28495449999999994, 0.26119549999999986, 0.25117629999999996, 0.23993690000000015, 0.2670094000000002, 0.26149320000000004, 0.2863314999999999, 0.2663742000000005, 0.29554969999999964, 0.27257629999999944, 0.30678409999999995, 0.2809812000000002, 0.31166070000000046, 0.31627840000000007, 0.3211961999999999, 0.3262047999999999, 0.3294902, 0.3329916000000005, 0.3351283000000001, 0.3329741999999999, 0.3293389999999995, 0.3120787999999999, 0.27417220000000053, 0.31862740000000034, 0.30839589999999967, 0.25264810000000015, 0.27781059999999924, 0.29792719999999995, 0.3075040999999999, 0.31363230000000014, 0.31543999999999955, 0.32369710000000024, 0.3329177000000002, 0.3385804000000003, 0.3415207000000001, 0.3472301999999999, 0.3429749999999998, 0.3344823999999996, 0.32535529999999996, 0.3211145000000001, 0.3177831999999999, null, null, null, null, null, 0.20696330000000027, 0.21131289999999986, 0.2065271, 0.18368800000000007, 0.2033708, 0.2197763000000002, 0.23280939999999983, 0.24117060000000026, 0.24839600000000023, 0.25490230000000014, 0.2585756000000001, 0.26372460000000053, 0.26739569999999996, 0.2708602999999999, 0.27612200000000003, 0.2786937000000003, 0.2802467000000003, 0.28165599999999985, 0.2833707999999996, 0.28093370000000056, 0.2803020999999999, 0.2783264000000001, 0.2746132000000005, 0.2718939999999999, 0.2686912999999997, 0.26404669999999963, 0.2622947999999999, 0.2633992000000001, 0.25744039999999974, 0.2487708000000002, 0.2424269, 0.15956870000000029, 0.16452280000000016, 0.1752698000000001, 0.16141990000000025, 0.15629479999999998, 0.15818569999999996, 0.17569989999999996, 0.19018149999999998, 0.1917938999999999, 0.18583139999999992, 0.18814740000000024, 0.1889210000000001, 0.19525960000000026, 0.1942752000000002, 0.1930804999999997, 0.19751600000000047, 0.19703060000000022, 0.19635709999999998, 0.19876409999999994, 0.19875029999999994, 0.1949247999999998, 0.19512390000000002, 0.19432729999999998, 0.1940865, 0.1910280000000003, 0.1926702000000001, 0.18867819999999996, 0.19083270000000016, 0.19234409999999996, 0.19407690000000027, 0.19294619999999968, 0.1883548000000001, 0.1845061999999999, 0.18172360000000007, 0.1759341000000001, 0.17446940000000002, 0.1725651999999999, 0.1660842000000002, 0.16252659999999974, 0.1626645999999998, 0.15701480000000012, 0.15505219999999978, 0.15523800000000013, 0.14956400000000003, 0.14412019999999998, 0.14602230000000005, 0.1493867999999999, 0.14392969999999997, 0.14049180000000006, 0.1335765999999999, 0.14216410000000002, 0.14464379999999993, 0.1348766999999999, 0.12553609999999998, 0.14191450000000008, 0.1524061, 0.16452369999999986, 0.14643640000000008],