{"filename": "ENMAP_20_MASKED.TIF", "labels": [418.416, 424.043, 429.457, 434.686, 439.757, 444.699, 449.539, 454.306, 459.031, 463.73, 468.411, 473.08, 477.744, 482.411, 487.087, 491.78, 496.497, 501.243, 506.02, 510.828, 515.672, 520.55, 525.467, 530.424, 535.422, 540.463, 545.551, 550.687, 555.873, 561.112, 566.405, 571.756, 577.166, 582.636, 588.171, 593.773, 599.446, 605.193, 611.017, 616.923, 622.92, 628.987, 635.112, 641.294, 647.537, 653.841, 660.207, 666.637, 673.131, 679.691, 686.319, 693.014, 699.78, 706.617, 713.524, 720.501, 727.545, 734.654, 741.826, 749.06, 756.353, 763.703, 771.108, 778.567, 786.078, 793.639, 801.248, 808.905, 816.608, 824.355, 832.145, 839.976, 847.847, 855.757, 863.703, 871.683, 879.692, 887.729, 895.789, 901.962, 903.87, 911.572, 911.968, 920.08, 921.32, 928.204, 931.204, 936.335, 941.218, 944.47, 951.361, 952.608, 960.748, 961.629, 968.891, 972.017, 977.037, 982.524, 985.186, 993.145, 993.338, 1003.88, 1014.72, 1025.66, 1036.7, 1047.84, 1059.07, 1070.39, 1081.79, 1093.26, 1104.81, 1116.43, 1128.11, 1139.84, 1151.62, 1163.44, 1175.31, 1187.2, 1199.11, 1211.05, 1223.0, 1234.97, 1246.95, 1258.93, 1270.92, 1282.92, 1294.91, 1306.9, 1318.88, 1330.86, 1342.82, 1354.76, 1366.69, 1378.6, 1390.48, 1449.43, 1461.11, 1472.74, 1484.34, 1495.89, 1507.4, 1518.87, 1530.29, 1541.68, 1553.01, 1564.31, 1575.55, 1586.76, 1597.91, 1609.02, 1620.09, 1631.11, 1642.08, 1653.0, 1663.87, 1674.7, 1685.47, 1696.2, 1706.87, 1717.5, 1728.08, 1738.6, 1749.08, 1759.51, 1769.89, 1780.22, 1967.66, 1977.08, 1986.45, 1995.79, 2005.08, 2014.33, 2023.54, 2032.71, 2041.83, 2050.92, 2059.96, 2068.97, 2077.93, 2086.86, 2095.74, 2104.59, 2113.4, 2122.17, 2130.9, 2139.6, 2148.26, 2156.88, 2165.47, 2174.02, 2182.53, 2191.01, 2199.46, 2207.86, 2216.24, 2224.58, 2232.89, 2241.16, 2249.4, 2257.61, 2265.79, 2273.93, 2282.04, 2290.12, 2298.17, 2306.19, 2314.18, 2322.13, 2330.05, 2337.94, 2345.81, 2353.64, 2361.44, 2369.21, 2376.95, 2384.66, 2392.34, 2400.0, 2407.62, 2415.21, 2422.78, 2430.32, 2437.83, 2445.3], "mean": [0.025039099999999963, 0.024368600000000015, 0.02763649999999999, 0.028798000000000025, 0.029523400000000005, 0.02989530000000002, 0.032118100000000045, 0.033727199999999985, 0.03454469999999999, 0.036285099999999966, 0.036778399999999996, 0.03676759999999999, 0.03761850000000001, 0.039456900000000024, 0.04124699999999997, 0.04058969999999998, 0.04133469999999997, 0.043480199999999906, 0.044118400000000044, 0.04654200000000003, 0.05024090000000011, 0.05233639999999988, 0.055058300000000004, 0.05832879999999999, 0.061362499999999945, 0.0642360000000001, 0.06580390000000007, 0.06756940000000008, 0.06931070000000002, 0.07075230000000003, 0.07143230000000005, 0.07140310000000004, 0.07249880000000007, 0.07326479999999999, 0.07369490000000001, 0.07478689999999988, 0.07589229999999994, 0.07682429999999997, 0.07695940000000001, 0.07695009999999995, 0.07746069999999994, 0.0780526, 0.07894119999999999, 0.07932950000000001, 0.0788859, 0.07778590000000016, 0.07775410000000003, 0.07773449999999994, 0.0778896000000001, 0.07956879999999995, 0.08438719999999998, 0.09531699999999993, 0.11147239999999979, 0.13013799999999995, 0.15003700000000003, 0.1675896, 0.18973219999999982, 0.21229030000000004, 0.22743230000000003, 0.23663559999999997, 0.24813490000000007, 0.2362220000000004, 0.2570526000000002, 0.2604004000000001, 0.2625371000000001, 0.2671181, 0.2698811000000003, 0.2745535999999999, 0.26979669999999994, 0.27812329999999974, 0.27783800000000014, 0.2838788999999999, 0.2874893000000005, 0.2896811999999998, 0.2930812, 0.2957650000000003, 0.2982090000000001, 0.2979735999999999, 0.29583280000000006, 0.3078139999999998, 0.29812440000000034, 0.30294370000000026, 0.2941185, 0.2864609999999997, 0.31258319999999995, 0.3037097000000003, 0.2905589999999999, 0.32382520000000015, 0.32852949999999986, 0.3276382382382385, 0.30889020000000006, 0.3025551551551551, 0.2858335000000002, 0.3034074000000002, 0.29133899999999996, 0.31223530000000027, 0.2927681999999998, 0.3175984999999998, 0.29738999999999993, 0.32473450000000015, 0.3010730000000002, 0.3286717000000003, 0.33304320000000054, 0.3380913000000001, 0.3432580000000005, 0.34654530000000067, 0.35042430000000013, 0.35414739999999956, 0.3542826999999994, 0.3541019999999999, 0.34796740000000015, 0.33482739999999983, 0.4002743999999999, 0.3565460000000003, 0.3151136000000002, 0.3138466, 0.3200601, 0.3250144, 0.3265893000000004, 0.3281471999999997, 0.3354169, 0.3434221000000006, 0.3482179999999997, 0.3508509000000003, 0.3574528000000006, 0.3554339000000004, 0.3501670999999999, 0.3426204999999999, 0.3335562999999997, 0.32611050000000064, null, null, null, null, null, 0.25262640000000003, 0.20464550000000015, 0.2181343000000003, 0.18515630000000036, 0.18130680000000007, 0.1893231999999997, 0.19880080000000033, 0.20602489999999987, 0.21267519999999973, 0.2192326999999999, 0.224171, 0.2306428999999998, 0.23577399999999993, 0.24024930000000005, 0.24674599999999988, 0.2499856999999998, 0.25208730000000007, 0.2540367000000005, 0.25605170000000016, 0.25383559999999955, 0.2530107999999999, 0.2500825999999999, 0.24554110000000015, 0.24130319999999994, 0.23646530000000002, 0.2314258000000001, 0.23140129999999987, 0.23231540000000014, 0.22643379999999988, 0.22406079999999992, 0.22246670000000018, 0.1232087, 0.11932999999999996, 0.12386869999999998, 0.11570239999999994, 0.1294875, 0.12955109999999995, 0.12980489999999997, 0.13331209999999993, 0.1343622999999999, 0.1296445, 0.13304079999999985, 0.13487789999999983, 0.13838110000000003, 0.13776109999999997, 0.13814910000000002, 0.14138830000000002, 0.14261030000000016, 0.14275019999999994, 0.14484630000000012, 0.14595910000000006, 0.14523840000000016, 0.14686159999999984, 0.14792399999999983, 0.14921020000000002, 0.1490340999999998, 0.15181680000000006, 0.15061540000000012, 0.15369880000000008, 0.15472669999999983, 0.1552069, 0.15295239999999977, 0.148207, 0.14306740000000023, 0.13865660000000005, 0.13347, 0.13049310000000017, 0.12809079999999995, 0.12330510000000024, 0.11982819999999994, 0.11741269999999986, 0.11278669999999998, 0.11611600000000012, 0.11437320000000002, 0.11017370000000005, 0.10747550000000008, 0.10968149999999997, 0.10964720000000018, 0.10786129999999992, 0.1064594000000001, 0.10500380000000005, 0.10512429999999998, 0.10301499999999995, 0.10153269999999996, 0.10071489999999998, 0.10198629999999993, 0.09839230000000006, 0.10459029999999993, 0.09767169999999992],