{"filename": "ENMAP_01_MASKED.TIF", "labels": [418.416, 424.043, 429.457, 434.686, 439.757, 444.699, 449.539, 454.306, 459.031, 463.73, 468.411, 473.08, 477.744, 482.411, 487.087, 491.78, 496.497, 501.243, 506.02, 510.828, 515.672, 520.55, 525.467, 530.424, 535.422, 540.463, 545.551, 550.687, 555.873, 561.112, 566.405, 571.756, 577.166, 582.636, 588.171, 593.773, 599.446, 605.193, 611.017, 616.923, 622.92, 628.987, 635.112, 641.294, 647.537, 653.841, 660.207, 666.637, 673.131, 679.691, 686.319, 693.014, 699.78, 706.617, 713.524, 720.501, 727.545, 734.654, 741.826, 749.06, 756.353, 763.703, 771.108, 778.567, 786.078, 793.639, 801.248, 808.905, 816.608, 824.355, 832.145, 839.976, 847.847, 855.757, 863.703, 871.683, 879.692, 887.729, 895.789, 901.962, 903.87, 911.572, 911.968, 920.08, 921.32, 928.204, 931.204, 936.335, 941.218, 944.47, 951.361, 952.608, 960.748, 961.629, 968.891, 972.017, 977.037, 982.524, 985.186, 993.145, 993.338, 1003.88, 1014.72, 1025.66, 1036.7, 1047.84, 1059.07, 1070.39, 1081.79, 1093.26, 1104.81, 1116.43, 1128.11, 1139.84, 1151.62, 1163.44, 1175.31, 1187.2, 1199.11, 1211.05, 1223.0, 1234.97, 1246.95, 1258.93, 1270.92, 1282.92, 1294.91, 1306.9, 1318.88, 1330.86, 1342.82, 1354.76, 1366.69, 1378.6, 1390.48, 1449.43, 1461.11, 1472.74, 1484.34, 1495.89, 1507.4, 1518.87, 1530.29, 1541.68, 1553.01, 1564.31, 1575.55, 1586.76, 1597.91, 1609.02, 1620.09, 1631.11, 1642.08, 1653.0, 1663.87, 1674.7, 1685.47, 1696.2, 1706.87, 1717.5, 1728.08, 1738.6, 1749.08, 1759.51, 1769.89, 1780.22, 1967.66, 1977.08, 1986.45, 1995.79, 2005.08, 2014.33, 2023.54, 2032.71, 2041.83, 2050.92, 2059.96, 2068.97, 2077.93, 2086.86, 2095.74, 2104.59, 2113.4, 2122.17, 2130.9, 2139.6, 2148.26, 2156.88, 2165.47, 2174.02, 2182.53, 2191.01, 2199.46, 2207.86, 2216.24, 2224.58, 2232.89, 2241.16, 2249.4, 2257.61, 2265.79, 2273.93, 2282.04, 2290.12, 2298.17, 2306.19, 2314.18, 2322.13, 2330.05, 2337.94, 2345.81, 2353.64, 2361.44, 2369.21, 2376.95, 2384.66, 2392.34, 2400.0, 2407.62, 2415.21, 2422.78, 2430.32, 2437.83, 2445.3], "mean": [0.16256929637526665, 0.15916823027718555, 0.16021968085106367, 0.16281757188498414, 0.1629373673036096, 0.16122733050847443, 0.16277798941798932, 0.16254335443037982, 0.1621710221285562, 0.16331869747899155, 0.16329652996845426, 0.1635869747899159, 0.16430230366492155, 0.1653671532846715, 0.16539398340248976, 0.16640311526479776, 0.16691606217616575, 0.16720794633642938, 0.16691073271413845, 0.17069640287769794, 0.1753751533742331, 0.1770333333333334, 0.1785864919354838, 0.1823319234642496, 0.1849752256770311, 0.18691211211211234, 0.1881483483483485, 0.19091691691691676, 0.19331281281281262, 0.19464484484484473, 0.19464544544544554, 0.19280850850850875, 0.19629479999999996, 0.19654799999999978, 0.19291600000000014, 0.19031520000000018, 0.19049650000000004, 0.19091040000000006, 0.1904465000000003, 0.18917410000000004, 0.1871598994974873, 0.1850052261306532, 0.1869391000000001, 0.18741470000000002, 0.1850608, 0.1825298, 0.18118449999999975, 0.18022409999999972, 0.17930050000000008, 0.17809262626262634, 0.180537802419355, 0.18546130000000005, 0.19469598796389154, 0.2053906813627255, 0.2197177710843373, 0.2254905241935484, 0.24422909090909117, 0.26823293051359504, 0.29024400805639466, 0.3031357788944725, 0.3168523618090453, 0.308368209255533, 0.3253573869346734, 0.32685873493975937, 0.3212843373493976, 0.3213773641851108, 0.31997236180904465, 0.3240342396777441, 0.3103854984894259, 0.31828004032258056, 0.3157575452716298, 0.32407670682730905, 0.33008076152304583, 0.33492474949899814, 0.3417232464929862, 0.3407802605210418, 0.3408421843687374, 0.331470741482966, 0.3240455276381912, 0.3189082246740219, 0.3119610271903327, 0.3038885656970913, 0.29940201816347134, 0.28458780241935455, 0.31584222668004025, 0.31841244939271257, 0.28308860887096804, 0.35294417177914134, 0.3262614213197967, 0.33750950920245454, 0.29337403651115623, 0.2930003061224489, 0.2676933943089433, 0.2862051359516615, 0.27962106854838686, 0.2981273, 0.28221106639839083, 0.3101518000000001, 0.2904415245737214, 0.3247621000000001, 0.29749539539539516, 0.32935329999999996, 0.33746629999999994, 0.34397470000000047, 0.3518743999999998, 0.35526370000000035, 0.3575585000000004, 0.3515947000000003, 0.3453353999999995, 0.33626199999999973, 0.3139593999999993, 0.3008465931863729, 0.41753834510595345, 0.3310099697885195, 0.26822640562249006, 0.2661418999999998, 0.2784332000000001, 0.2814753000000001, 0.28707400000000005, 0.2895966000000001, 0.2983415000000001, 0.30867999999999995, 0.31399669999999985, 0.3191614999999999, 0.3210037999999995, 0.31299059999999984, 0.30233800000000066, 0.2895267000000001, 0.2804559, 0.2882046999999998, null, null, null, null, null, 0.35980049999999997, 0.2604934, 0.2811889999999999, 0.20201569999999977, 0.17651440000000007, 0.18156340000000012, 0.1896642000000001, 0.1951045999999997, 0.20061070000000003, 0.2061666, 0.20964400000000008, 0.21431969999999995, 0.2172153000000001, 0.2198941000000002, 0.22406029999999993, 0.22574169999999985, 0.22689, 0.22766859999999983, 0.2288690000000002, 0.22758099999999998, 0.22792739999999978, 0.22695349999999967, 0.22448919999999997, 0.22238859999999996, 0.21994299999999983, 0.2162413999999999, 0.21364249999999982, 0.21425750000000005, 0.21209309999999998, 0.21307030000000024, 0.22106000000000028, 0.15277329999999978, 0.1359528000000002, 0.1371341000000001, 0.13145579999999987, 0.1520647000000002, 0.14873609999999984, 0.14109910000000012, 0.14469910000000008, 0.14670770000000014, 0.14707270000000033, 0.1492650999999999, 0.15199629999999995, 0.15427439999999984, 0.15310529999999992, 0.15174429999999975, 0.1547627000000004, 0.15496430000000005, 0.1494130000000001, 0.15420819999999977, 0.1552630999999999, 0.15086210000000017, 0.14972650000000037, 0.1507604, 0.15034009999999987, 0.14670020000000028, 0.1489669999999999, 0.14616669999999995, 0.14961929999999993, 0.14936279999999974, 0.14971059999999997, 0.1497723000000002, 0.1470473000000002, 0.1449512000000002, 0.1460865000000001, 0.14279730000000013, 0.14138949999999983, 0.1396461, 0.13571800000000012, 0.13331010000000004, 0.13219570000000008, 0.12883080000000025, 0.12946210000000005, 0.12670589999999995, 0.12441020000000003, 0.12321359999999981, 0.1259272000000001, 0.12302509999999998, 0.12521390000000002, 0.12625389999999995, 0.13080619999999987, 0.12835559999999993, 0.12739810000000007, 0.13885380000000008, 0.15933900000000012, 0.15072800000000022, 0.14838998998998995, 0.1707661999999999, 0.19603253253253253],