{"filename": "ENMAP_10_MASKED.TIF", "labels": [418.416, 424.043, 429.457, 434.686, 439.757, 444.699, 449.539, 454.306, 459.031, 463.73, 468.411, 473.08, 477.744, 482.411, 487.087, 491.78, 496.497, 501.243, 506.02, 510.828, 515.672, 520.55, 525.467, 530.424, 535.422, 540.463, 545.551, 550.687, 555.873, 561.112, 566.405, 571.756, 577.166, 582.636, 588.171, 593.773, 599.446, 605.193, 611.017, 616.923, 622.92, 628.987, 635.112, 641.294, 647.537, 653.841, 660.207, 666.637, 673.131, 679.691, 686.319, 693.014, 699.78, 706.617, 713.524, 720.501, 727.545, 734.654, 741.826, 749.06, 756.353, 763.703, 771.108, 778.567, 786.078, 793.639, 801.248, 808.905, 816.608, 824.355, 832.145, 839.976, 847.847, 855.757, 863.703, 871.683, 879.692, 887.729, 895.789, 901.962, 903.87, 911.572, 911.968, 920.08, 921.32, 928.204, 931.204, 936.335, 941.218, 944.47, 951.361, 952.608, 960.748, 961.629, 968.891, 972.017, 977.037, 982.524, 985.186, 993.145, 993.338, 1003.88, 1014.72, 1025.66, 1036.7, 1047.84, 1059.07, 1070.39, 1081.79, 1093.26, 1104.81, 1116.43, 1128.11, 1139.84, 1151.62, 1163.44, 1175.31, 1187.2, 1199.11, 1211.05, 1223.0, 1234.97, 1246.95, 1258.93, 1270.92, 1282.92, 1294.91, 1306.9, 1318.88, 1330.86, 1342.82, 1354.76, 1366.69, 1378.6, 1390.48, 1449.43, 1461.11, 1472.74, 1484.34, 1495.89, 1507.4, 1518.87, 1530.29, 1541.68, 1553.01, 1564.31, 1575.55, 1586.76, 1597.91, 1609.02, 1620.09, 1631.11, 1642.08, 1653.0, 1663.87, 1674.7, 1685.47, 1696.2, 1706.87, 1717.5, 1728.08, 1738.6, 1749.08, 1759.51, 1769.89, 1780.22, 1967.66, 1977.08, 1986.45, 1995.79, 2005.08, 2014.33, 2023.54, 2032.71, 2041.83, 2050.92, 2059.96, 2068.97, 2077.93, 2086.86, 2095.74, 2104.59, 2113.4, 2122.17, 2130.9, 2139.6, 2148.26, 2156.88, 2165.47, 2174.02, 2182.53, 2191.01, 2199.46, 2207.86, 2216.24, 2224.58, 2232.89, 2241.16, 2249.4, 2257.61, 2265.79, 2273.93, 2282.04, 2290.12, 2298.17, 2306.19, 2314.18, 2322.13, 2330.05, 2337.94, 2345.81, 2353.64, 2361.44, 2369.21, 2376.95, 2384.66, 2392.34, 2400.0, 2407.62, 2415.21, 2422.78, 2430.32, 2437.83, 2445.3], "mean": [0.02289969999999998, 0.021613599999999997, 0.023713699999999976, 0.02450199999999997, 0.024994399999999962, 0.025168399999999962, 0.026605100000000017, 0.0279557, 0.02834750000000003, 0.029528700000000026, 0.030116200000000065, 0.030049800000000015, 0.030511199999999985, 0.03163750000000001, 0.03291919999999999, 0.032318400000000004, 0.032954399999999995, 0.03465269999999997, 0.03556769999999997, 0.03846989999999995, 0.04316010000000006, 0.04754530000000001, 0.05268760000000004, 0.058186, 0.06255490000000004, 0.06600369999999998, 0.06812940000000003, 0.07018330000000007, 0.071246, 0.07073049999999996, 0.0688358000000001, 0.06555610000000003, 0.06409870000000005, 0.06211529999999999, 0.0606649, 0.05978880000000004, 0.05929450000000003, 0.05851990000000001, 0.057051100000000084, 0.05513430000000003, 0.05371830000000002, 0.05314440000000002, 0.0531466, 0.05194180000000001, 0.04998060000000001, 0.04745610000000001, 0.04605469999999997, 0.0444855, 0.04378589999999995, 0.04464130000000003, 0.04914879999999999, 0.06330809999999996, 0.08841540000000005, 0.12162610000000003, 0.16022309999999973, 0.2019964, 0.24948500000000004, 0.2897753999999996, 0.3192806999999994, 0.3345482999999995, 0.35057650000000024, 0.3481516000000003, 0.3688044, 0.3710596999999997, 0.37072400000000044, 0.37830349999999985, 0.38075900000000057, 0.38562939999999996, 0.3887565999999998, 0.3964010000000006, 0.3937873000000005, 0.39772520000000017, 0.4001376000000004, 0.4023788999999997, 0.40765480000000054, 0.4083094000000006, 0.41156960000000015, 0.41101049999999956, 0.4122583999999995, 0.4138363, 0.4099337000000003, 0.40724850000000007, 0.4022185999999995, 0.3837450999999998, 0.41697209999999985, 0.40723359999999925, 0.3822946000000004, 0.43235889999999966, 0.4172451999999994, 0.42863690000000043, 0.3969080999999999, 0.39762509999999923, 0.37634160000000044, 0.39044630000000013, 0.3837214000000003, 0.39776759999999967, 0.38446270000000016, 0.40240219999999977, 0.3887825, 0.4088198999999996, 0.3913232, 0.41445229999999994, 0.4199196000000003, 0.42813939999999945, 0.43659289999999973, 0.44205849999999985, 0.4470852000000003, 0.45152480000000017, 0.45112539999999984, 0.4496117999999992, 0.44233840000000024, 0.4177940000000001, 0.44934599999999947, 0.4155626999999999, 0.3694319, 0.3682436000000006, 0.3707437999999999, 0.3741429999999997, 0.3744493999999997, 0.3763364999999997, 0.3842821000000002, 0.3927761000000005, 0.39850830000000004, 0.4017731000000004, 0.40732349999999967, 0.4043991000000002, 0.3961473999999997, 0.38381469999999995, 0.36996119999999966, 0.3525441999999998, null, null, null, null, null, 0.15758110000000006, 0.1346206, 0.14364999999999997, 0.13110709999999998, 0.1327201000000001, 0.1417774, 0.15261290000000005, 0.1620711000000001, 0.1713910999999999, 0.1807693, 0.18865910000000027, 0.19699909999999995, 0.20447229999999997, 0.2107173000000002, 0.2182491, 0.2235911999999999, 0.22747549999999994, 0.2304599999999999, 0.2329818999999999, 0.23189160000000017, 0.23220240000000003, 0.23017259999999995, 0.22679170000000004, 0.22301960000000026, 0.21843519999999972, 0.21347540000000015, 0.21043789999999987, 0.20825020000000005, 0.20094790000000007, 0.1967711000000001, 0.1929264000000001, 0.06347840000000006, 0.06191290000000004, 0.06498189999999998, 0.0628451, 0.07140410000000001, 0.0730184000000001, 0.07468889999999995, 0.07755529999999985, 0.08008869999999998, 0.07940550000000005, 0.08305279999999991, 0.08581689999999999, 0.08946450000000016, 0.09047860000000003, 0.09225989999999998, 0.09549830000000019, 0.0974303, 0.0965435, 0.09981749999999993, 0.10156459999999994, 0.1010827, 0.10209700000000002, 0.10368500000000003, 0.10508320000000006, 0.10482840000000006, 0.10750369999999995, 0.10695440000000014, 0.10989670000000017, 0.1111391999999998, 0.11196489999999998, 0.11100220000000008, 0.10759630000000002, 0.10410909999999998, 0.1013672, 0.09740729999999988, 0.09462529999999983, 0.09241219999999989, 0.08894550000000002, 0.08590939999999994, 0.08359990000000005, 0.08028649999999989, 0.08059740000000007, 0.07849149999999999, 0.07559150000000006, 0.07314239999999998, 0.0731750000000001, 0.07216929999999999, 0.07054680000000005, 0.06929870000000002, 0.06782820000000009, 0.06647019999999991, 0.06462750000000006, 0.06335920000000005, 0.062369100000000066, 0.06168329999999992, 0.059327200000000115, 0.06121930000000004, 0.05887449999999999],