{"filename": "ENMAP_06_MASKED.TIF", "labels": [418.416, 424.043, 429.457, 434.686, 439.757, 444.699, 449.539, 454.306, 459.031, 463.73, 468.411, 473.08, 477.744, 482.411, 487.087, 491.78, 496.497, 501.243, 506.02, 510.828, 515.672, 520.55, 525.467, 530.424, 535.422, 540.463, 545.551, 550.687, 555.873, 561.112, 566.405, 571.756, 577.166, 582.636, 588.171, 593.773, 599.446, 605.193, 611.017, 616.923, 622.92, 628.987, 635.112, 641.294, 647.537, 653.841, 660.207, 666.637, 673.131, 679.691, 686.319, 693.014, 699.78, 706.617, 713.524, 720.501, 727.545, 734.654, 741.826, 749.06, 756.353, 763.703, 771.108, 778.567, 786.078, 793.639, 801.248, 808.905, 816.608, 824.355, 832.145, 839.976, 847.847, 855.757, 863.703, 871.683, 879.692, 887.729, 895.789, 901.962, 903.87, 911.572, 911.968, 920.08, 921.32, 928.204, 931.204, 936.335, 941.218, 944.47, 951.361, 952.608, 960.748, 961.629, 968.891, 972.017, 977.037, 982.524, 985.186, 993.145, 993.338, 1003.88, 1014.72, 1025.66, 1036.7, 1047.84, 1059.07, 1070.39, 1081.79, 1093.26, 1104.81, 1116.43, 1128.11, 1139.84, 1151.62, 1163.44, 1175.31, 1187.2, 1199.11, 1211.05, 1223.0, 1234.97, 1246.95, 1258.93, 1270.92, 1282.92, 1294.91, 1306.9, 1318.88, 1330.86, 1342.82, 1354.76, 1366.69, 1378.6, 1390.48, 1449.43, 1461.11, 1472.74, 1484.34, 1495.89, 1507.4, 1518.87, 1530.29, 1541.68, 1553.01, 1564.31, 1575.55, 1586.76, 1597.91, 1609.02, 1620.09, 1631.11, 1642.08, 1653.0, 1663.87, 1674.7, 1685.47, 1696.2, 1706.87, 1717.5, 1728.08, 1738.6, 1749.08, 1759.51, 1769.89, 1780.22, 1967.66, 1977.08, 1986.45, 1995.79, 2005.08, 2014.33, 2023.54, 2032.71, 2041.83, 2050.92, 2059.96, 2068.97, 2077.93, 2086.86, 2095.74, 2104.59, 2113.4, 2122.17, 2130.9, 2139.6, 2148.26, 2156.88, 2165.47, 2174.02, 2182.53, 2191.01, 2199.46, 2207.86, 2216.24, 2224.58, 2232.89, 2241.16, 2249.4, 2257.61, 2265.79, 2273.93, 2282.04, 2290.12, 2298.17, 2306.19, 2314.18, 2322.13, 2330.05, 2337.94, 2345.81, 2353.64, 2361.44, 2369.21, 2376.95, 2384.66, 2392.34, 2400.0, 2407.62, 2415.21, 2422.78, 2430.32, 2437.83, 2445.3], "mean": [0.05731309999999995, 0.056252000000000024, 0.05875650000000002, 0.06119009999999997, 0.06308630000000008, 0.06367529999999999, 0.06576949999999997, 0.06728880000000002, 0.06803079999999996, 0.07016610000000005, 0.07102110000000013, 0.07171010000000004, 0.07310660000000001, 0.07540639999999992, 0.0770906000000001, 0.07784079999999999, 0.07884010000000005, 0.08058490000000004, 0.08117430000000003, 0.08384960000000015, 0.0876349, 0.08963649999999988, 0.09192650000000009, 0.09491960000000008, 0.09770259999999996, 0.09988050000000014, 0.10130940000000008, 0.10304209999999996, 0.10468420000000005, 0.1054819, 0.10604909999999998, 0.10551239999999988, 0.10787329999999985, 0.10890450000000004, 0.10656280000000011, 0.10610939999999995, 0.10746460000000002, 0.10923270000000007, 0.1098000000000001, 0.1099643, 0.11086580000000013, 0.11075519999999983, 0.11214690000000006, 0.11377419999999996, 0.11312190000000014, 0.11268170000000002, 0.11354570000000003, 0.11481400000000008, 0.11565550000000006, 0.11756300000000004, 0.1199435, 0.12163439999999996, 0.1301906, 0.14041889999999982, 0.1534155000000002, 0.15681590000000017, 0.1711872000000002, 0.1896692, 0.20632800000000034, 0.21478260000000016, 0.22617529999999986, 0.21031700000000017, 0.22840660000000032, 0.23276780000000016, 0.23365899999999995, 0.23567899999999986, 0.23675779999999977, 0.24085549999999983, 0.23066180000000025, 0.23773950000000021, 0.2376588000000003, 0.24514230000000026, 0.25106109999999976, 0.2516072, 0.25596209999999964, 0.25721570000000005, 0.2597813999999999, 0.2579560999999998, 0.25290800000000013, 0.2581655999999998, 0.2511683999999997, 0.2481132000000007, 0.24113850000000003, 0.23190100000000013, 0.2578029000000001, 0.2528837999999999, 0.21998629999999988, 0.25325129999999985, 0.2604892000000001, 0.25097850000000016, 0.2348759999999997, 0.22158049999999987, 0.21131160000000043, 0.2387802, 0.23420199999999985, 0.25775149999999997, 0.23867760000000007, 0.2671148, 0.24539610000000006, 0.27899919999999984, 0.25368989999999997, 0.2837016999999999, 0.28641, 0.2906288999999999, 0.29500809999999983, 0.29776460000000016, 0.3008053, 0.30410100000000023, 0.3015588999999999, 0.2972147999999997, 0.27948509999999965, 0.24842200000000023, 0.30869769999999985, 0.2802205000000002, 0.2273627000000005, 0.24838260000000012, 0.26850170000000073, 0.2772177000000004, 0.28332070000000026, 0.2850791999999998, 0.2931680000000001, 0.3021932999999997, 0.30764139999999995, 0.3087948999999997, 0.3139035999999996, 0.3107037999999998, 0.3021330999999999, 0.29272370000000014, 0.28421120000000005, 0.27752669999999974, null, null, null, null, null, 0.21694270000000024, 0.19686109999999984, 0.20417220000000005, 0.1716567999999998, 0.1877622000000001, 0.20414089999999993, 0.2165776, 0.2246021999999995, 0.23118290000000033, 0.23685980000000006, 0.23990100000000034, 0.2443655999999997, 0.24706269999999997, 0.24985740000000023, 0.25434329999999994, 0.25594399999999984, 0.2570159000000003, 0.2579759999999998, 0.25915610000000017, 0.25678469999999964, 0.2561236, 0.25438980000000005, 0.2509508, 0.24845100000000017, 0.24547120000000008, 0.24111979999999963, 0.2391486000000001, 0.2397808999999999, 0.23404710000000017, 0.22545950000000012, 0.21893260000000014, 0.15006309999999992, 0.15294810000000023, 0.16292469999999998, 0.15126739999999994, 0.15106589999999995, 0.15153190000000008, 0.16481199999999982, 0.17864039999999987, 0.18074469999999992, 0.17601839999999996, 0.17767239999999995, 0.17844310000000005, 0.1843156000000001, 0.18343440000000022, 0.18218790000000018, 0.18638410000000002, 0.18571439999999978, 0.18543879999999985, 0.1875283999999999, 0.18736820000000012, 0.1838281000000001, 0.1837708, 0.1829519999999999, 0.18249130000000002, 0.1796106, 0.1807721999999999, 0.1770480000000003, 0.17898930000000005, 0.18008340000000023, 0.18156280000000044, 0.18062969999999992, 0.17649710000000005, 0.17319400000000024, 0.17054410000000006, 0.16537519999999975, 0.16418869999999977, 0.1625154000000002, 0.15621519999999994, 0.1528772999999999, 0.1531928999999999, 0.14795269999999988, 0.14557780000000003, 0.14574109999999976, 0.14037050000000006, 0.13486650000000017, 0.13651759999999996, 0.1394343, 0.1340573999999998, 0.13056140000000005, 0.1234036000000001, 0.1310114999999999, 0.1329429000000001, 0.12414269999999993, 0.11634140000000012, 0.1290559000000001, 0.13894550000000008, 0.15060679999999993, 0.13808770000000004],