{"filename": "ENMAP_01_MASKED.TIF", "labels": [418.416, 424.043, 429.457, 434.686, 439.757, 444.699, 449.539, 454.306, 459.031, 463.73, 468.411, 473.08, 477.744, 482.411, 487.087, 491.78, 496.497, 501.243, 506.02, 510.828, 515.672, 520.55, 525.467, 530.424, 535.422, 540.463, 545.551, 550.687, 555.873, 561.112, 566.405, 571.756, 577.166, 582.636, 588.171, 593.773, 599.446, 605.193, 611.017, 616.923, 622.92, 628.987, 635.112, 641.294, 647.537, 653.841, 660.207, 666.637, 673.131, 679.691, 686.319, 693.014, 699.78, 706.617, 713.524, 720.501, 727.545, 734.654, 741.826, 749.06, 756.353, 763.703, 771.108, 778.567, 786.078, 793.639, 801.248, 808.905, 816.608, 824.355, 832.145, 839.976, 847.847, 855.757, 863.703, 871.683, 879.692, 887.729, 895.789, 901.962, 903.87, 911.572, 911.968, 920.08, 921.32, 928.204, 931.204, 936.335, 941.218, 944.47, 951.361, 952.608, 960.748, 961.629, 968.891, 972.017, 977.037, 982.524, 985.186, 993.145, 993.338, 1003.88, 1014.72, 1025.66, 1036.7, 1047.84, 1059.07, 1070.39, 1081.79, 1093.26, 1104.81, 1116.43, 1128.11, 1139.84, 1151.62, 1163.44, 1175.31, 1187.2, 1199.11, 1211.05, 1223.0, 1234.97, 1246.95, 1258.93, 1270.92, 1282.92, 1294.91, 1306.9, 1318.88, 1330.86, 1342.82, 1354.76, 1366.69, 1378.6, 1390.48, 1449.43, 1461.11, 1472.74, 1484.34, 1495.89, 1507.4, 1518.87, 1530.29, 1541.68, 1553.01, 1564.31, 1575.55, 1586.76, 1597.91, 1609.02, 1620.09, 1631.11, 1642.08, 1653.0, 1663.87, 1674.7, 1685.47, 1696.2, 1706.87, 1717.5, 1728.08, 1738.6, 1749.08, 1759.51, 1769.89, 1780.22, 1967.66, 1977.08, 1986.45, 1995.79, 2005.08, 2014.33, 2023.54, 2032.71, 2041.83, 2050.92, 2059.96, 2068.97, 2077.93, 2086.86, 2095.74, 2104.59, 2113.4, 2122.17, 2130.9, 2139.6, 2148.26, 2156.88, 2165.47, 2174.02, 2182.53, 2191.01, 2199.46, 2207.86, 2216.24, 2224.58, 2232.89, 2241.16, 2249.4, 2257.61, 2265.79, 2273.93, 2282.04, 2290.12, 2298.17, 2306.19, 2314.18, 2322.13, 2330.05, 2337.94, 2345.81, 2353.64, 2361.44, 2369.21, 2376.95, 2384.66, 2392.34, 2400.0, 2407.62, 2415.21, 2422.78, 2430.32, 2437.83, 2445.3], "mean": [0.16831182682154164, 0.1648312896405919, 0.1660267159450898, 0.16901567796610165, 0.1687670179135933, 0.16795655391120537, 0.16966783068783073, 0.16924362486828248, 0.16896101159114849, 0.17030073606729773, 0.16971794333683113, 0.17040347003154588, 0.17155892857142846, 0.17290471698113205, 0.1733151515151517, 0.17417960251046, 0.17432156249999986, 0.17532690302398302, 0.1749154166666666, 0.17881671858774628, 0.18217731006160173, 0.18385071428571434, 0.18543302938196585, 0.18855267406659942, 0.19184672048435947, 0.19392691532258088, 0.19516008064516105, 0.19756163141993943, 0.19979839034205213, 0.201127162977867, 0.20110845070422545, 0.19934195171026148, 0.20240090452261308, 0.2025448241206032, 0.19903692152917507, 0.19628682092555313, 0.19634416498993995, 0.19661136820925573, 0.19603440643863176, 0.19477535211267621, 0.1931033367037412, 0.19080505561172867, 0.19236227364185127, 0.1927917505030177, 0.19038289738430597, 0.18778048289738425, 0.186202814070352, 0.18534929577464804, 0.18415859296482393, 0.18306774847870194, 0.1856459979736574, 0.1899503517587943, 0.19817155778894496, 0.2086176884422111, 0.22255135951661645, 0.22754666666666687, 0.24546737373737404, 0.26987545454545475, 0.29110201612903225, 0.3041479355488419, 0.31779274924471285, 0.3101823232323227, 0.3261568982880166, 0.32755060362173005, 0.3218807847082496, 0.3214274924471301, 0.32020795568982896, 0.32339546827794585, 0.31079323232323197, 0.31790090817356187, 0.315935181451613, 0.32380482412060263, 0.330080120481928, 0.3342769539078153, 0.34126238716148466, 0.340070541082164, 0.3403035105315946, 0.330704108216433, 0.3240280241935484, 0.3171522088353418, 0.31160454086781025, 0.30210010040160645, 0.2983241414141417, 0.2839422222222222, 0.3139482931726907, 0.3164693319838056, 0.28097787878787883, 0.3518962051282048, 0.324278150406504, 0.336725948717949, 0.29178701825557785, 0.29352387295081933, 0.2673549898167004, 0.2856189516129033, 0.27883491422805223, 0.2974475426278838, 0.2818052419354839, 0.3091200200200204, 0.29008201005025114, 0.3230554000000004, 0.29683179538615867, 0.3277794794794794, 0.3355567999999999, 0.3419409000000002, 0.3496619000000004, 0.35297240000000024, 0.3552292, 0.3492539999999996, 0.3429149000000005, 0.33369289999999957, 0.3115837837837835, 0.298850351758794, 0.41657186234817795, 0.32937184661957586, 0.26843993963782725, 0.26547760000000004, 0.2771886, 0.28025469999999997, 0.2857039999999998, 0.2883562999999998, 0.2970174000000002, 0.30721080000000006, 0.31245080000000053, 0.3175822999999995, 0.31964479999999973, 0.3113390999999998, 0.3006142999999999, 0.2877014999999997, 0.2787520000000001, 0.2873904618473898, null, null, null, null, null, 0.3613900702106322, 0.26087637637637623, 0.2825979959919838, 0.20343160000000002, 0.1775246000000002, 0.18221869999999996, 0.19012700000000024, 0.19537790000000027, 0.20081699999999977, 0.20627039999999994, 0.2096657000000002, 0.2143783000000001, 0.21721620000000016, 0.21985960000000015, 0.22403370000000006, 0.22568330000000003, 0.2267078000000002, 0.22741370000000016, 0.22868790000000022, 0.22741039999999985, 0.22776109999999994, 0.22681979999999982, 0.22436740000000008, 0.22230089999999963, 0.21983540000000037, 0.21618169999999995, 0.21364670000000002, 0.214286, 0.21199390000000018, 0.2128832, 0.22123509999999996, 0.1537666000000003, 0.1369281, 0.1380892, 0.1318329000000002, 0.1537265, 0.1503765999999999, 0.14243500000000014, 0.1456866000000002, 0.14747799999999997, 0.14780410000000008, 0.15027300000000007, 0.15307730000000008, 0.15531950000000017, 0.1539658000000001, 0.15253589999999992, 0.1556176, 0.15577020000000014, 0.15030390000000018, 0.1550906, 0.15602720000000023, 0.1516925, 0.1506191, 0.15173659999999983, 0.15126780000000017, 0.1475312, 0.14988369999999995, 0.14702160000000014, 0.15054209999999996, 0.15026319999999982, 0.15065040000000016, 0.15061979999999967, 0.14798899999999998, 0.14595100000000003, 0.14705480000000012, 0.14385649999999983, 0.14245929999999998, 0.1407433000000001, 0.13675700000000002, 0.13443990000000025, 0.13337640000000006, 0.12975099999999998, 0.13065030000000002, 0.12791120000000006, 0.12549579999999985, 0.12436729999999994, 0.12725229999999993, 0.12420900000000024, 0.12631049999999996, 0.12717519999999996, 0.13187229999999994, 0.12922970000000011, 0.1283221, 0.13909880000000002, 0.1596807999999999, 0.15127619999999997, 0.14892279999999977, 0.17200920920920917, 0.1942941000000002],