{"filename": "ENMAP_22_MASKED.TIF", "labels": [418.416, 424.043, 429.457, 434.686, 439.757, 444.699, 449.539, 454.306, 459.031, 463.73, 468.411, 473.08, 477.744, 482.411, 487.087, 491.78, 496.497, 501.243, 506.02, 510.828, 515.672, 520.55, 525.467, 530.424, 535.422, 540.463, 545.551, 550.687, 555.873, 561.112, 566.405, 571.756, 577.166, 582.636, 588.171, 593.773, 599.446, 605.193, 611.017, 616.923, 622.92, 628.987, 635.112, 641.294, 647.537, 653.841, 660.207, 666.637, 673.131, 679.691, 686.319, 693.014, 699.78, 706.617, 713.524, 720.501, 727.545, 734.654, 741.826, 749.06, 756.353, 763.703, 771.108, 778.567, 786.078, 793.639, 801.248, 808.905, 816.608, 824.355, 832.145, 839.976, 847.847, 855.757, 863.703, 871.683, 879.692, 887.729, 895.789, 901.962, 903.87, 911.572, 911.968, 920.08, 921.32, 928.204, 931.204, 936.335, 941.218, 944.47, 951.361, 952.608, 960.748, 961.629, 968.891, 972.017, 977.037, 982.524, 985.186, 993.145, 993.338, 1003.88, 1014.72, 1025.66, 1036.7, 1047.84, 1059.07, 1070.39, 1081.79, 1093.26, 1104.81, 1116.43, 1128.11, 1139.84, 1151.62, 1163.44, 1175.31, 1187.2, 1199.11, 1211.05, 1223.0, 1234.97, 1246.95, 1258.93, 1270.92, 1282.92, 1294.91, 1306.9, 1318.88, 1330.86, 1342.82, 1354.76, 1366.69, 1378.6, 1390.48, 1449.43, 1461.11, 1472.74, 1484.34, 1495.89, 1507.4, 1518.87, 1530.29, 1541.68, 1553.01, 1564.31, 1575.55, 1586.76, 1597.91, 1609.02, 1620.09, 1631.11, 1642.08, 1653.0, 1663.87, 1674.7, 1685.47, 1696.2, 1706.87, 1717.5, 1728.08, 1738.6, 1749.08, 1759.51, 1769.89, 1780.22, 1967.66, 1977.08, 1986.45, 1995.79, 2005.08, 2014.33, 2023.54, 2032.71, 2041.83, 2050.92, 2059.96, 2068.97, 2077.93, 2086.86, 2095.74, 2104.59, 2113.4, 2122.17, 2130.9, 2139.6, 2148.26, 2156.88, 2165.47, 2174.02, 2182.53, 2191.01, 2199.46, 2207.86, 2216.24, 2224.58, 2232.89, 2241.16, 2249.4, 2257.61, 2265.79, 2273.93, 2282.04, 2290.12, 2298.17, 2306.19, 2314.18, 2322.13, 2330.05, 2337.94, 2345.81, 2353.64, 2361.44, 2369.21, 2376.95, 2384.66, 2392.34, 2400.0, 2407.62, 2415.21, 2422.78, 2430.32, 2437.83, 2445.3], "mean": [0.0327675, 0.032149499999999984, 0.035089999999999996, 0.0359116, 0.037311399999999995, 0.03767629999999995, 0.039781599999999945, 0.0416548, 0.042285799999999985, 0.04423119999999995, 0.044796899999999945, 0.04468349999999995, 0.045694100000000085, 0.04790659999999998, 0.049455599999999995, 0.049137799999999975, 0.05030999999999991, 0.052465999999999964, 0.053479400000000024, 0.05618170000000008, 0.06022709999999991, 0.06253200000000006, 0.06597250000000006, 0.06975080000000011, 0.07308709999999997, 0.07621629999999999, 0.07793000000000021, 0.07967240000000012, 0.08123100000000003, 0.08212089999999998, 0.08237380000000007, 0.08163250000000007, 0.08267669999999991, 0.08256690000000003, 0.08180849999999998, 0.08133400000000003, 0.08084779999999994, 0.08055529999999991, 0.0799526, 0.07906620000000011, 0.07834170000000004, 0.07818209999999996, 0.07905030000000002, 0.07929840000000005, 0.07859489999999998, 0.07677340000000007, 0.07555799999999994, 0.07445250000000003, 0.07380830000000001, 0.07445179999999994, 0.07847190000000011, 0.08825919999999982, 0.10343979999999997, 0.12013099999999995, 0.1386657000000002, 0.15541889999999986, 0.17620229999999995, 0.19697849999999992, 0.21231199999999995, 0.22065099999999988, 0.2326718999999995, 0.2162849000000002, 0.23740199999999978, 0.24167009999999994, 0.24487770000000036, 0.24816420000000003, 0.2507385000000001, 0.2557716999999999, 0.2513875000000003, 0.25753520000000013, 0.2564244999999998, 0.2606116000000001, 0.2636583999999999, 0.2652191000000002, 0.26817159999999984, 0.2703186000000001, 0.2733322000000004, 0.27209360000000016, 0.2720528999999998, 0.2841997, 0.27482199999999996, 0.2788017000000001, 0.27054210000000023, 0.2624854000000001, 0.2886511999999999, 0.28403000000000006, 0.25850309999999993, 0.33308504983388676, 0.3114244999999999, 0.33690410199556575, 0.28877869999999994, 0.30429255555555546, 0.2758790598290598, 0.28374409999999994, 0.2662196589769305, 0.28879499999999986, 0.26679989969909745, 0.2928225999999999, 0.26925416248746287, 0.29672360000000025, 0.27179359359359345, 0.2996235, 0.3039786000000002, 0.3083764999999996, 0.3124802000000002, 0.3154331000000005, 0.3190851999999997, 0.32299869999999986, 0.32341369999999964, 0.32378489999999993, 0.319958, 0.2992977000000001, 0.3702664999999999, 0.3394879000000002, 0.2936897000000004, 0.2920840000000003, 0.2951049000000003, 0.30041479999999937, 0.3015098999999999, 0.30294530000000036, 0.3089388000000005, 0.3154732999999998, 0.31940010000000013, 0.32149359999999993, 0.3292246000000001, 0.327236, 0.3231777999999997, 0.31772989999999945, 0.31358439999999993, 0.31204520000000047, null, null, null, null, null, 0.20471290000000014, 0.1822111, 0.18998509999999993, 0.16916320000000026, 0.16885549999999985, 0.1758839000000002, 0.18472710000000006, 0.1913086999999998, 0.19758849999999997, 0.20395180000000013, 0.20869790000000016, 0.21493840000000008, 0.22010760000000004, 0.22433939999999977, 0.23047049999999988, 0.23400149999999967, 0.23606250000000017, 0.23832970000000037, 0.2406441000000003, 0.2385342000000006, 0.23813139999999997, 0.23563370000000014, 0.23178769999999985, 0.228275, 0.22414879999999993, 0.2201276999999999, 0.22056350000000005, 0.22187030000000013, 0.21736390000000022, 0.2167838000000002, 0.2171496, 0.11207260000000009, 0.11210559999999997, 0.11712839999999992, 0.10741910000000009, 0.10773249999999998, 0.11002669999999995, 0.11896630000000014, 0.12561920000000026, 0.12701890000000018, 0.12155569999999985, 0.12533440000000007, 0.1273815, 0.1320138999999999, 0.13159049999999997, 0.13205100000000003, 0.1351223999999998, 0.13590789999999983, 0.13720240000000022, 0.13800449999999995, 0.13816130000000007, 0.13714919999999994, 0.13831530000000014, 0.13785939999999997, 0.1386116999999998, 0.13873559999999988, 0.1408301, 0.1389943000000001, 0.13984940000000026, 0.14245549999999985, 0.14401410000000037, 0.14189210000000008, 0.13777069999999988, 0.13365930000000006, 0.12954260000000015, 0.12506050000000007, 0.12240930000000003, 0.12012210000000008, 0.1155612000000001, 0.11216790000000003, 0.1103551999999998, 0.10620400000000002, 0.10856770000000016, 0.10731859999999999, 0.10335420000000019, 0.10059820000000003, 0.10223740000000009, 0.10308720000000017, 0.10072899999999999, 0.09945060000000008, 0.09875970000000014, 0.09973090000000025, 0.09912210000000006, 0.0976018, 0.09622729999999993, 0.1005462000000001, 0.09963539999999994, 0.10620130000000019, 0.09791740000000007],