{"filename": "ENMAP_24_MASKED.TIF", "labels": [418.416, 424.043, 429.457, 434.686, 439.757, 444.699, 449.539, 454.306, 459.031, 463.73, 468.411, 473.08, 477.744, 482.411, 487.087, 491.78, 496.497, 501.243, 506.02, 510.828, 515.672, 520.55, 525.467, 530.424, 535.422, 540.463, 545.551, 550.687, 555.873, 561.112, 566.405, 571.756, 577.166, 582.636, 588.171, 593.773, 599.446, 605.193, 611.017, 616.923, 622.92, 628.987, 635.112, 641.294, 647.537, 653.841, 660.207, 666.637, 673.131, 679.691, 686.319, 693.014, 699.78, 706.617, 713.524, 720.501, 727.545, 734.654, 741.826, 749.06, 756.353, 763.703, 771.108, 778.567, 786.078, 793.639, 801.248, 808.905, 816.608, 824.355, 832.145, 839.976, 847.847, 855.757, 863.703, 871.683, 879.692, 887.729, 895.789, 901.962, 903.87, 911.572, 911.968, 920.08, 921.32, 928.204, 931.204, 936.335, 941.218, 944.47, 951.361, 952.608, 960.748, 961.629, 968.891, 972.017, 977.037, 982.524, 985.186, 993.145, 993.338, 1003.88, 1014.72, 1025.66, 1036.7, 1047.84, 1059.07, 1070.39, 1081.79, 1093.26, 1104.81, 1116.43, 1128.11, 1139.84, 1151.62, 1163.44, 1175.31, 1187.2, 1199.11, 1211.05, 1223.0, 1234.97, 1246.95, 1258.93, 1270.92, 1282.92, 1294.91, 1306.9, 1318.88, 1330.86, 1342.82, 1354.76, 1366.69, 1378.6, 1390.48, 1449.43, 1461.11, 1472.74, 1484.34, 1495.89, 1507.4, 1518.87, 1530.29, 1541.68, 1553.01, 1564.31, 1575.55, 1586.76, 1597.91, 1609.02, 1620.09, 1631.11, 1642.08, 1653.0, 1663.87, 1674.7, 1685.47, 1696.2, 1706.87, 1717.5, 1728.08, 1738.6, 1749.08, 1759.51, 1769.89, 1780.22, 1967.66, 1977.08, 1986.45, 1995.79, 2005.08, 2014.33, 2023.54, 2032.71, 2041.83, 2050.92, 2059.96, 2068.97, 2077.93, 2086.86, 2095.74, 2104.59, 2113.4, 2122.17, 2130.9, 2139.6, 2148.26, 2156.88, 2165.47, 2174.02, 2182.53, 2191.01, 2199.46, 2207.86, 2216.24, 2224.58, 2232.89, 2241.16, 2249.4, 2257.61, 2265.79, 2273.93, 2282.04, 2290.12, 2298.17, 2306.19, 2314.18, 2322.13, 2330.05, 2337.94, 2345.81, 2353.64, 2361.44, 2369.21, 2376.95, 2384.66, 2392.34, 2400.0, 2407.62, 2415.21, 2422.78, 2430.32, 2437.83, 2445.3], "mean": [0.05755552208835346, 0.05584573721163484, 0.05765841683366733, 0.05909288577154306, 0.06004338677354706, 0.0595899799599198, 0.06093326653306614, 0.061858416833667426, 0.06218076152304611, 0.0636862725450902, 0.06393196392785563, 0.06391673346693397, 0.06485621242484976, 0.06636232464929864, 0.06750230460921851, 0.0675489979959919, 0.06833957915831661, 0.06970610000000005, 0.07055360000000008, 0.0737215, 0.07826050000000001, 0.08215630000000004, 0.08665449999999993, 0.09132359999999998, 0.09497410000000017, 0.09780719999999994, 0.09963300000000003, 0.10155639999999995, 0.10278089999999998, 0.1027415, 0.10164339999999998, 0.09919780000000013, 0.10237480000000002, 0.10122660000000008, 0.09995100000000001, 0.0993758, 0.09904700000000011, 0.09854320000000008, 0.09725839999999995, 0.09557280000000004, 0.09229889999999996, 0.09159249999999995, 0.09395929999999997, 0.0933126, 0.09193020000000007, 0.08954800000000016, 0.08815979999999991, 0.08711339999999991, 0.08647749999999993, 0.0855484000000001, 0.08969629999999996, 0.1015831, 0.11994069999999997, 0.1443915, 0.17337510000000012, 0.20088190000000003, 0.2369923, 0.27310739999999994, 0.30261459999999984, 0.31682050000000017, 0.33444800000000047, 0.32811229999999975, 0.34910510000000017, 0.3517794000000005, 0.34955890000000034, 0.3562608999999998, 0.3573765999999998, 0.3628419999999999, 0.35688439999999994, 0.3649545999999994, 0.3637862999999997, 0.3722294999999998, 0.3778968000000004, 0.37879549999999956, 0.38597639999999983, 0.3861575000000002, 0.3885464999999996, 0.3879682000000001, 0.3829729, 0.38019539999999896, 0.3734318999999998, 0.3684645, 0.36455799999999994, 0.3468021, 0.3814077999999999, 0.3845574999999996, 0.34501980000000015, 0.4203388777555098, 0.3894335000000003, 0.40891523046092193, 0.3637867999999996, 0.36954549098196415, 0.3416953953953952, 0.3578065999999999, 0.3484901000000001, 0.3676927000000003, 0.3521678000000005, 0.37771279999999924, 0.36009309999999994, 0.3895957000000001, 0.3672881000000001, 0.39538130000000027, 0.39972719999999984, 0.4078182, 0.41673719999999986, 0.4216912999999993, 0.42578610000000017, 0.42899870000000023, 0.4255504999999996, 0.4193017000000005, 0.40339459999999916, 0.38653160000000014, 0.4700066066066068, 0.40844980000000025, 0.35435279999999963, 0.34567600000000065, 0.3515339999999999, 0.3553652000000001, 0.3590205000000003, 0.3620482999999999, 0.3716569999999996, 0.38271830000000034, 0.3891388, 0.3908760999999997, 0.395877, 0.39303560000000004, 0.3828966999999997, 0.37018060000000036, 0.35955480000000023, 0.36070390390390444, null, null, null, null, null, 0.3599951000000004, 0.27197869999999985, 0.2940917000000002, 0.22543639999999998, 0.1833687999999999, 0.18104760000000017, 0.1877300000000002, 0.19360309999999958, 0.20062270000000024, 0.2085624000000001, 0.2150022, 0.22287140000000003, 0.22849250000000004, 0.23368709999999998, 0.2407879000000002, 0.24462220000000026, 0.24762550000000003, 0.25001919999999994, 0.2522292000000001, 0.2508506000000003, 0.2509808999999995, 0.24942459999999989, 0.24676020000000018, 0.24407009999999993, 0.24039590000000013, 0.23729409999999976, 0.23560410000000007, 0.23610280000000014, 0.23263859999999995, 0.23753669999999988, 0.2512030000000002, 0.15776229999999972, 0.13241590000000003, 0.1279977, 0.12513640000000004, 0.1582578999999997, 0.15771850000000004, 0.13597529999999997, 0.1285942, 0.13018609999999983, 0.13224099999999997, 0.13720200000000005, 0.14053400000000008, 0.13924860000000008, 0.13737550000000004, 0.1372948000000001, 0.13993290000000028, 0.14108999999999985, 0.13865729999999996, 0.14113639999999986, 0.14217269999999996, 0.14128220000000005, 0.1426830999999999, 0.1437207, 0.14441330000000008, 0.14391259999999984, 0.14597589999999994, 0.14574650000000014, 0.1476039999999998, 0.1473564, 0.14753399999999997, 0.14632459999999992, 0.14300720000000003, 0.1399403, 0.1386869000000001, 0.13508840000000008, 0.13264629999999994, 0.13086770000000003, 0.12832320000000005, 0.12629890000000007, 0.12358929999999997, 0.12038869999999989, 0.12477330000000007, 0.11969649999999996, 0.11957959999999987, 0.12062439999999998, 0.12469580000000005, 0.11860310000000011, 0.12441760000000006, 0.12752469999999996, 0.13620310000000016, 0.12814750000000003, 0.12475200000000002, 0.13945039999999992, 0.15917759999999997, 0.145671, 0.13477239999999974, 0.1510010999999999, 0.16984420000000008],