{"filename": "ENMAP_13_MASKED.TIF", "labels": [418.416, 424.043, 429.457, 434.686, 439.757, 444.699, 449.539, 454.306, 459.031, 463.73, 468.411, 473.08, 477.744, 482.411, 487.087, 491.78, 496.497, 501.243, 506.02, 510.828, 515.672, 520.55, 525.467, 530.424, 535.422, 540.463, 545.551, 550.687, 555.873, 561.112, 566.405, 571.756, 577.166, 582.636, 588.171, 593.773, 599.446, 605.193, 611.017, 616.923, 622.92, 628.987, 635.112, 641.294, 647.537, 653.841, 660.207, 666.637, 673.131, 679.691, 686.319, 693.014, 699.78, 706.617, 713.524, 720.501, 727.545, 734.654, 741.826, 749.06, 756.353, 763.703, 771.108, 778.567, 786.078, 793.639, 801.248, 808.905, 816.608, 824.355, 832.145, 839.976, 847.847, 855.757, 863.703, 871.683, 879.692, 887.729, 895.789, 901.962, 903.87, 911.572, 911.968, 920.08, 921.32, 928.204, 931.204, 936.335, 941.218, 944.47, 951.361, 952.608, 960.748, 961.629, 968.891, 972.017, 977.037, 982.524, 985.186, 993.145, 993.338, 1003.88, 1014.72, 1025.66, 1036.7, 1047.84, 1059.07, 1070.39, 1081.79, 1093.26, 1104.81, 1116.43, 1128.11, 1139.84, 1151.62, 1163.44, 1175.31, 1187.2, 1199.11, 1211.05, 1223.0, 1234.97, 1246.95, 1258.93, 1270.92, 1282.92, 1294.91, 1306.9, 1318.88, 1330.86, 1342.82, 1354.76, 1366.69, 1378.6, 1390.48, 1449.43, 1461.11, 1472.74, 1484.34, 1495.89, 1507.4, 1518.87, 1530.29, 1541.68, 1553.01, 1564.31, 1575.55, 1586.76, 1597.91, 1609.02, 1620.09, 1631.11, 1642.08, 1653.0, 1663.87, 1674.7, 1685.47, 1696.2, 1706.87, 1717.5, 1728.08, 1738.6, 1749.08, 1759.51, 1769.89, 1780.22, 1967.66, 1977.08, 1986.45, 1995.79, 2005.08, 2014.33, 2023.54, 2032.71, 2041.83, 2050.92, 2059.96, 2068.97, 2077.93, 2086.86, 2095.74, 2104.59, 2113.4, 2122.17, 2130.9, 2139.6, 2148.26, 2156.88, 2165.47, 2174.02, 2182.53, 2191.01, 2199.46, 2207.86, 2216.24, 2224.58, 2232.89, 2241.16, 2249.4, 2257.61, 2265.79, 2273.93, 2282.04, 2290.12, 2298.17, 2306.19, 2314.18, 2322.13, 2330.05, 2337.94, 2345.81, 2353.64, 2361.44, 2369.21, 2376.95, 2384.66, 2392.34, 2400.0, 2407.62, 2415.21, 2422.78, 2430.32, 2437.83, 2445.3], "mean": [0.02830640000000002, 0.028078200000000043, 0.03156900000000002, 0.03251360000000004, 0.034127000000000025, 0.03439539999999998, 0.03623380000000006, 0.03783619999999997, 0.03837639999999995, 0.040217800000000026, 0.04082480000000012, 0.04058710000000001, 0.041877100000000056, 0.04437740000000002, 0.046215900000000025, 0.04610990000000002, 0.04738910000000002, 0.04966760000000004, 0.050702700000000024, 0.0533055, 0.05730610000000002, 0.05952080000000003, 0.06269399999999999, 0.06609829999999996, 0.06922369999999997, 0.07224460000000005, 0.07387919999999988, 0.07563100000000011, 0.07736889999999998, 0.0785509, 0.07928950000000005, 0.07915109999999993, 0.08234080000000012, 0.08289429999999981, 0.08292320000000016, 0.08337939999999987, 0.08415219999999998, 0.0847357999999999, 0.08458659999999993, 0.08406540000000001, 0.08335009999999998, 0.0836691, 0.08489210000000003, 0.08514029999999996, 0.08440459999999987, 0.08296369999999999, 0.08243980000000023, 0.08205430000000015, 0.08185619999999999, 0.08334540000000001, 0.08806120000000014, 0.097906, 0.11403219999999989, 0.13224960000000016, 0.15247679999999988, 0.17015649999999988, 0.19239100000000015, 0.21502670000000004, 0.2319415999999998, 0.2422826, 0.2560715, 0.24008919999999992, 0.2617440000000001, 0.26671760000000005, 0.2708157999999999, 0.27322440000000003, 0.2760454000000004, 0.2820423999999999, 0.2769665000000001, 0.2841911000000005, 0.28383809999999987, 0.28927630000000004, 0.29347780000000007, 0.29670390000000046, 0.30042469999999943, 0.3030870000000005, 0.30696999999999974, 0.30478979999999967, 0.30433750000000026, 0.3157174999999998, 0.3063033999999996, 0.3096798999999998, 0.30217929999999993, 0.2934407999999999, 0.32049730000000054, 0.3186234000000005, 0.2902620000000004, 0.34016132264529064, 0.3414441000000011, 0.3374329659318635, 0.3193304000000002, 0.3067748496993991, 0.29029669669669705, 0.31556549999999994, 0.2972402000000002, 0.32137600000000033, 0.29870810000000036, 0.32743150000000026, 0.3024886000000003, 0.3331744999999998, 0.3068275, 0.33694720000000006, 0.3432929000000005, 0.34843360000000007, 0.3532125, 0.3567224999999999, 0.36102560000000095, 0.36474859999999987, 0.3648402999999997, 0.3641835000000002, 0.3573963999999995, 0.3385013999999999, 0.4208648000000003, 0.37196459999999987, 0.3279503000000003, 0.32578970000000007, 0.3300810000000003, 0.3356623000000002, 0.33726960000000006, 0.33957270000000034, 0.34708399999999984, 0.3554280999999998, 0.3603463999999998, 0.3632929000000005, 0.37232229999999994, 0.3687006, 0.3628005000000001, 0.35474419999999984, 0.3463184, 0.33939180000000024, null, null, null, null, null, 0.2606397999999999, 0.21125989999999983, 0.22710980000000003, 0.1922414000000003, 0.18810469999999985, 0.19605929999999988, 0.20571829999999983, 0.21283650000000012, 0.21959349999999994, 0.22639800000000013, 0.23138189999999992, 0.23826170000000016, 0.24350450000000023, 0.24798240000000007, 0.2547865000000001, 0.2583345999999999, 0.26037949999999976, 0.26252910000000035, 0.26443999999999995, 0.2618117000000004, 0.2612455000000002, 0.25852640000000027, 0.2541329999999998, 0.2499372999999999, 0.24501879999999995, 0.2403063999999999, 0.24008919999999978, 0.24110139999999997, 0.2351221, 0.23305809999999993, 0.2320697999999999, 0.12610819999999998, 0.12285679999999997, 0.12795489999999995, 0.11853289999999989, 0.1277921000000001, 0.12877299999999986, 0.1329291000000001, 0.1384503000000001, 0.1397127, 0.13425429999999988, 0.13808570000000006, 0.14009799999999994, 0.1443763, 0.14364200000000027, 0.14392370000000002, 0.14713519999999988, 0.14785800000000002, 0.15028689999999975, 0.15087319999999999, 0.1510937000000001, 0.15059390000000003, 0.1525892000000001, 0.15236549999999974, 0.1535021999999997, 0.15402650000000004, 0.15620980000000004, 0.15483569999999983, 0.15608270000000002, 0.15767920000000013, 0.158623, 0.15594330000000003, 0.15117510000000023, 0.14635190000000015, 0.14103900000000003, 0.13587789999999988, 0.13289689999999996, 0.13040640000000017, 0.12538260000000012, 0.12158480000000015, 0.11933329999999999, 0.11471139999999991, 0.11760880000000005, 0.11576890000000008, 0.11147969999999999, 0.10853260000000002, 0.11036719999999998, 0.11055929999999994, 0.1083768999999999, 0.10700969999999982, 0.10551690000000001, 0.1056724999999999, 0.10399069999999998, 0.10237870000000013, 0.10166050000000001, 0.10309549999999996, 0.10046839999999985, 0.10643429999999995, 0.10119189999999995],