{"filename": "ENMAP_18_MASKED.TIF", "labels": [418.416, 424.043, 429.457, 434.686, 439.757, 444.699, 449.539, 454.306, 459.031, 463.73, 468.411, 473.08, 477.744, 482.411, 487.087, 491.78, 496.497, 501.243, 506.02, 510.828, 515.672, 520.55, 525.467, 530.424, 535.422, 540.463, 545.551, 550.687, 555.873, 561.112, 566.405, 571.756, 577.166, 582.636, 588.171, 593.773, 599.446, 605.193, 611.017, 616.923, 622.92, 628.987, 635.112, 641.294, 647.537, 653.841, 660.207, 666.637, 673.131, 679.691, 686.319, 693.014, 699.78, 706.617, 713.524, 720.501, 727.545, 734.654, 741.826, 749.06, 756.353, 763.703, 771.108, 778.567, 786.078, 793.639, 801.248, 808.905, 816.608, 824.355, 832.145, 839.976, 847.847, 855.757, 863.703, 871.683, 879.692, 887.729, 895.789, 901.962, 903.87, 911.572, 911.968, 920.08, 921.32, 928.204, 931.204, 936.335, 941.218, 944.47, 951.361, 952.608, 960.748, 961.629, 968.891, 972.017, 977.037, 982.524, 985.186, 993.145, 993.338, 1003.88, 1014.72, 1025.66, 1036.7, 1047.84, 1059.07, 1070.39, 1081.79, 1093.26, 1104.81, 1116.43, 1128.11, 1139.84, 1151.62, 1163.44, 1175.31, 1187.2, 1199.11, 1211.05, 1223.0, 1234.97, 1246.95, 1258.93, 1270.92, 1282.92, 1294.91, 1306.9, 1318.88, 1330.86, 1342.82, 1354.76, 1366.69, 1378.6, 1390.48, 1449.43, 1461.11, 1472.74, 1484.34, 1495.89, 1507.4, 1518.87, 1530.29, 1541.68, 1553.01, 1564.31, 1575.55, 1586.76, 1597.91, 1609.02, 1620.09, 1631.11, 1642.08, 1653.0, 1663.87, 1674.7, 1685.47, 1696.2, 1706.87, 1717.5, 1728.08, 1738.6, 1749.08, 1759.51, 1769.89, 1780.22, 1967.66, 1977.08, 1986.45, 1995.79, 2005.08, 2014.33, 2023.54, 2032.71, 2041.83, 2050.92, 2059.96, 2068.97, 2077.93, 2086.86, 2095.74, 2104.59, 2113.4, 2122.17, 2130.9, 2139.6, 2148.26, 2156.88, 2165.47, 2174.02, 2182.53, 2191.01, 2199.46, 2207.86, 2216.24, 2224.58, 2232.89, 2241.16, 2249.4, 2257.61, 2265.79, 2273.93, 2282.04, 2290.12, 2298.17, 2306.19, 2314.18, 2322.13, 2330.05, 2337.94, 2345.81, 2353.64, 2361.44, 2369.21, 2376.95, 2384.66, 2392.34, 2400.0, 2407.62, 2415.21, 2422.78, 2430.32, 2437.83, 2445.3], "mean": [0.06072430484037079, 0.05997868177136967, 0.06153540816326532, 0.06186008188331635, 0.06322507645259941, 0.06371981613891721, 0.06550500510725228, 0.06643516260162603, 0.06682464358452128, 0.0683821319796954, 0.0687238336713995, 0.06877745197168869, 0.06990768452982808, 0.07192701612903223, 0.07257959798994978, 0.07313655589123867, 0.07458018108651902, 0.07657218875502, 0.07789327309236957, 0.08166164658634549, 0.08685425425425429, 0.09031031031031049, 0.09489269999999997, 0.0998214999999999, 0.10422522522522527, 0.10744580000000005, 0.10937769999999995, 0.1114651000000001, 0.11322210000000009, 0.11364980000000018, 0.11338209999999982, 0.1115688000000001, 0.11094280000000013, 0.1110879999999997, 0.10975705705705721, 0.10847397397397401, 0.10906290000000009, 0.10965240000000002, 0.10905660000000002, 0.10757600000000012, 0.1072776, 0.10654909999999998, 0.1063377, 0.10650759999999992, 0.10475509999999988, 0.10250990000000003, 0.1011186000000002, 0.10036150000000009, 0.09972862862862875, 0.10037420000000011, 0.10482760000000008, 0.11318809999999993, 0.13004359999999995, 0.1504473999999999, 0.17495990000000017, 0.19032999999999994, 0.2180352, 0.2524035000000002, 0.28157450000000006, 0.2974245999999998, 0.3146882999999997, 0.30261280000000035, 0.3252635999999994, 0.3296055999999997, 0.33181810000000006, 0.3324272999999996, 0.3336017999999997, 0.3402572000000005, 0.3271558, 0.33470409999999995, 0.3323008999999996, 0.3417692999999997, 0.3487421999999996, 0.3511986999999997, 0.3568813000000005, 0.35502250000000024, 0.35837369999999974, 0.3543518000000002, 0.3463070000000001, 0.3429546000000003, 0.33567187187187214, 0.3274130000000002, 0.32474553660982985, 0.30860862587763316, 0.3399284000000005, 0.34521325301204825, 0.28893760000000035, 0.3607487386478306, 0.3329730730730731, 0.3426940464177602, 0.29763170000000033, 0.2954588709677424, 0.27481631419939573, 0.29965240000000004, 0.2947948743718596, 0.3169920999999999, 0.29889286432160805, 0.3293622999999998, 0.3069793172690761, 0.3427117999999999, 0.3156485971943883, 0.34855010000000036, 0.35727709999999974, 0.36491531531531585, 0.3719152999999999, 0.37673129999999977, 0.3810375999999999, 0.3821271999999997, 0.3773489000000006, 0.3689422000000002, 0.3459764999999999, 0.3108065, 0.40972949999999997, 0.33404790000000056, 0.26723810000000003, 0.2813514000000002, 0.2955729999999995, 0.30092260000000004, 0.3062689, 0.30944289999999997, 0.31878650000000014, 0.3293871, 0.3350481000000001, 0.3370282999999996, 0.3424226, 0.3363817999999997, 0.3253857000000001, 0.3109071, 0.2986316000000003, 0.2939442000000005, null, null, null, null, null, 0.28983630000000044, 0.1904610000000001, 0.20687980000000017, 0.15179379999999984, 0.1514908000000002, 0.16257190000000002, 0.1731865999999999, 0.1809693000000002, 0.1882446000000001, 0.1952537999999998, 0.2000349999999998, 0.2060993999999999, 0.21088810000000008, 0.21503429999999998, 0.22049899999999995, 0.2238811, 0.22555499999999998, 0.22738740000000002, 0.22935470000000024, 0.22785940000000016, 0.22811489999999973, 0.2268185999999999, 0.22365659999999987, 0.2209723999999998, 0.21776050000000013, 0.21327739999999998, 0.21099849999999987, 0.2113233999999997, 0.20693809999999985, 0.20323339999999998, 0.20280619999999994, 0.11391929999999996, 0.10869819999999994, 0.11332060000000004, 0.10447120000000003, 0.11021340000000009, 0.10877189999999999, 0.11740300000000002, 0.12602309999999986, 0.12780980000000014, 0.12472839999999989, 0.12790119999999996, 0.13099489999999991, 0.1364398, 0.13659389999999993, 0.13653960000000012, 0.1406894999999999, 0.14115149999999999, 0.1434585, 0.14528379999999977, 0.14608170000000015, 0.14473219999999992, 0.14683289999999982, 0.1467685999999999, 0.14696879999999998, 0.1455292, 0.14711359999999998, 0.14536070000000004, 0.1475336, 0.1466598, 0.1465578999999998, 0.14488489999999996, 0.14161219999999994, 0.13857649999999982, 0.13526809999999997, 0.13122250000000002, 0.12977129999999984, 0.1280786999999999, 0.12330610000000006, 0.1208427000000001, 0.1200407, 0.11588749999999998, 0.11577899999999992, 0.11463830000000007, 0.11021589999999994, 0.10714860000000011, 0.10915989999999991, 0.1094864, 0.10689370000000019, 0.1054753, 0.10368389999999987, 0.10710590000000003, 0.10730010000000006, 0.1060552000000001, 0.10927160000000004, 0.11501169999999995, 0.11868240000000009, 0.13550129999999996, 0.1334019999999999],