{"filename": "ENMAP_02_MASKED.TIF", "labels": [418.416, 424.043, 429.457, 434.686, 439.757, 444.699, 449.539, 454.306, 459.031, 463.73, 468.411, 473.08, 477.744, 482.411, 487.087, 491.78, 496.497, 501.243, 506.02, 510.828, 515.672, 520.55, 525.467, 530.424, 535.422, 540.463, 545.551, 550.687, 555.873, 561.112, 566.405, 571.756, 577.166, 582.636, 588.171, 593.773, 599.446, 605.193, 611.017, 616.923, 622.92, 628.987, 635.112, 641.294, 647.537, 653.841, 660.207, 666.637, 673.131, 679.691, 686.319, 693.014, 699.78, 706.617, 713.524, 720.501, 727.545, 734.654, 741.826, 749.06, 756.353, 763.703, 771.108, 778.567, 786.078, 793.639, 801.248, 808.905, 816.608, 824.355, 832.145, 839.976, 847.847, 855.757, 863.703, 871.683, 879.692, 887.729, 895.789, 901.962, 903.87, 911.572, 911.968, 920.08, 921.32, 928.204, 931.204, 936.335, 941.218, 944.47, 951.361, 952.608, 960.748, 961.629, 968.891, 972.017, 977.037, 982.524, 985.186, 993.145, 993.338, 1003.88, 1014.72, 1025.66, 1036.7, 1047.84, 1059.07, 1070.39, 1081.79, 1093.26, 1104.81, 1116.43, 1128.11, 1139.84, 1151.62, 1163.44, 1175.31, 1187.2, 1199.11, 1211.05, 1223.0, 1234.97, 1246.95, 1258.93, 1270.92, 1282.92, 1294.91, 1306.9, 1318.88, 1330.86, 1342.82, 1354.76, 1366.69, 1378.6, 1390.48, 1449.43, 1461.11, 1472.74, 1484.34, 1495.89, 1507.4, 1518.87, 1530.29, 1541.68, 1553.01, 1564.31, 1575.55, 1586.76, 1597.91, 1609.02, 1620.09, 1631.11, 1642.08, 1653.0, 1663.87, 1674.7, 1685.47, 1696.2, 1706.87, 1717.5, 1728.08, 1738.6, 1749.08, 1759.51, 1769.89, 1780.22, 1967.66, 1977.08, 1986.45, 1995.79, 2005.08, 2014.33, 2023.54, 2032.71, 2041.83, 2050.92, 2059.96, 2068.97, 2077.93, 2086.86, 2095.74, 2104.59, 2113.4, 2122.17, 2130.9, 2139.6, 2148.26, 2156.88, 2165.47, 2174.02, 2182.53, 2191.01, 2199.46, 2207.86, 2216.24, 2224.58, 2232.89, 2241.16, 2249.4, 2257.61, 2265.79, 2273.93, 2282.04, 2290.12, 2298.17, 2306.19, 2314.18, 2322.13, 2330.05, 2337.94, 2345.81, 2353.64, 2361.44, 2369.21, 2376.95, 2384.66, 2392.34, 2400.0, 2407.62, 2415.21, 2422.78, 2430.32, 2437.83, 2445.3], "mean": [0.052268241206030165, 0.05005748743718592, 0.05302132796780691, 0.05337306532663306, 0.053995987963891726, 0.05337289156626498, 0.054175325977933786, 0.055017599999999986, 0.05503599999999997, 0.056443500000000014, 0.05656069999999995, 0.0558288000000001, 0.05632192192192193, 0.057874299999999934, 0.05906740000000007, 0.058236000000000024, 0.058421700000000014, 0.06036836836836838, 0.060740000000000065, 0.06358130000000002, 0.06819410000000015, 0.07143639999999998, 0.07510489999999992, 0.07919759999999999, 0.08247099999999999, 0.08507710000000004, 0.0861654999999999, 0.08721629999999991, 0.08795089999999993, 0.08786639999999996, 0.08664129999999999, 0.08437870000000003, 0.08043939999999997, 0.07977959999999996, 0.07881280000000011, 0.07873623623623627, 0.0784315000000001, 0.07814199999999995, 0.0768604, 0.07528920000000001, 0.07667380000000015, 0.07580699999999992, 0.07372660000000006, 0.07333939999999992, 0.07210400000000002, 0.06979979979979967, 0.0683884, 0.0670152000000001, 0.06631170000000003, 0.06864110000000008, 0.07185169999999994, 0.08025479999999993, 0.09756780000000001, 0.11819909999999983, 0.14169429999999983, 0.16589460000000006, 0.19831940000000015, 0.23461780000000024, 0.2630718999999999, 0.2765862000000003, 0.2938034000000002, 0.27976069999999975, 0.3063560000000002, 0.3097033000000002, 0.3114151000000001, 0.3191482000000004, 0.32070740000000025, 0.32621069999999963, 0.31918910000000017, 0.32769509999999996, 0.32441129999999985, 0.32950180000000023, 0.3323140000000001, 0.328964, 0.3322177000000005, 0.3325239999999997, 0.33468329999999974, 0.33648910000000043, 0.33422350000000006, 0.34453050000000013, 0.33459310000000025, 0.33525080000000007, 0.3264868868868869, 0.31402122122122106, 0.3459507999999998, 0.34074478957915816, 0.3110705999999999, 0.3625047236180903, 0.36845530000000015, 0.36270942828485464, 0.3331845000000002, 0.31879016064257, 0.2937732464929859, 0.32117720000000016, 0.3050922845691382, 0.3284529000000004, 0.30455005005004976, 0.3332848999999996, 0.30762079999999936, 0.3399691000000001, 0.31155960000000016, 0.3439848000000001, 0.3451080000000001, 0.3512790000000003, 0.35717740000000026, 0.36092519999999984, 0.36487010000000025, 0.37245890000000004, 0.37101700000000026, 0.36885609999999974, 0.36044440000000005, 0.3417956999999996, 0.43486750000000024, 0.37544069999999974, 0.30824689999999993, 0.3027638000000002, 0.30800459999999974, 0.31264949999999997, 0.3144504999999997, 0.31552599999999953, 0.32134799999999997, 0.3282237000000002, 0.3321873000000001, 0.33044019999999985, 0.3358839999999998, 0.33634970000000014, 0.32980419999999994, 0.3210854999999998, 0.3106141, 0.3086453999999999, null, null, null, null, null, 0.2317936000000004, 0.17604849999999994, 0.18866499999999975, 0.14995620000000012, 0.14325809999999975, 0.14974550000000014, 0.15839300000000006, 0.16538379999999997, 0.17228519999999992, 0.1793235999999999, 0.18488759999999996, 0.19164390000000014, 0.1969720999999997, 0.20166660000000022, 0.20758330000000022, 0.21080450000000003, 0.2130058999999997, 0.2154940000000001, 0.21825620000000004, 0.2172659, 0.21757330000000008, 0.21573690000000006, 0.2128464000000001, 0.21040319999999973, 0.20735320000000002, 0.20354179999999997, 0.20190989999999998, 0.2016858999999995, 0.19722989999999985, 0.1967907000000002, 0.19865679999999988, 0.09091660000000004, 0.08669049999999993, 0.08977760000000008, 0.08341659999999994, 0.08785479999999997, 0.08823980000000009, 0.09197670000000006, 0.09767320000000004, 0.10001769999999995, 0.09707730000000003, 0.10062850000000007, 0.10325810000000003, 0.10766920000000006, 0.10838469999999994, 0.1093888, 0.1129090000000001, 0.11445410000000013, 0.11495369999999996, 0.11694700000000022, 0.11806889999999998, 0.11781119999999985, 0.11950299999999989, 0.11984820000000003, 0.12072109999999994, 0.12033239999999991, 0.12213129999999985, 0.12048570000000004, 0.12283529999999993, 0.12289920000000011, 0.12287339999999991, 0.1212032, 0.11790099999999983, 0.11463740000000007, 0.11228130000000003, 0.10861110000000009, 0.10661770000000001, 0.1049708000000002, 0.10124989999999992, 0.09849560000000016, 0.09730380000000004, 0.09370930000000004, 0.09401979999999997, 0.09236740000000015, 0.08882940000000021, 0.08654949999999992, 0.08815040000000017, 0.08809510000000004, 0.08643419999999996, 0.08558270000000001, 0.08605380000000008, 0.08583599999999993, 0.0849688999999999, 0.0851363999999999, 0.08759699999999984, 0.08889469999999987, 0.08791089999999993, 0.09628139999999985, 0.09434909999999996],