{"filename": "ENMAP_16_MASKED.TIF", "labels": [418.416, 424.043, 429.457, 434.686, 439.757, 444.699, 449.539, 454.306, 459.031, 463.73, 468.411, 473.08, 477.744, 482.411, 487.087, 491.78, 496.497, 501.243, 506.02, 510.828, 515.672, 520.55, 525.467, 530.424, 535.422, 540.463, 545.551, 550.687, 555.873, 561.112, 566.405, 571.756, 577.166, 582.636, 588.171, 593.773, 599.446, 605.193, 611.017, 616.923, 622.92, 628.987, 635.112, 641.294, 647.537, 653.841, 660.207, 666.637, 673.131, 679.691, 686.319, 693.014, 699.78, 706.617, 713.524, 720.501, 727.545, 734.654, 741.826, 749.06, 756.353, 763.703, 771.108, 778.567, 786.078, 793.639, 801.248, 808.905, 816.608, 824.355, 832.145, 839.976, 847.847, 855.757, 863.703, 871.683, 879.692, 887.729, 895.789, 901.962, 903.87, 911.572, 911.968, 920.08, 921.32, 928.204, 931.204, 936.335, 941.218, 944.47, 951.361, 952.608, 960.748, 961.629, 968.891, 972.017, 977.037, 982.524, 985.186, 993.145, 993.338, 1003.88, 1014.72, 1025.66, 1036.7, 1047.84, 1059.07, 1070.39, 1081.79, 1093.26, 1104.81, 1116.43, 1128.11, 1139.84, 1151.62, 1163.44, 1175.31, 1187.2, 1199.11, 1211.05, 1223.0, 1234.97, 1246.95, 1258.93, 1270.92, 1282.92, 1294.91, 1306.9, 1318.88, 1330.86, 1342.82, 1354.76, 1366.69, 1378.6, 1390.48, 1449.43, 1461.11, 1472.74, 1484.34, 1495.89, 1507.4, 1518.87, 1530.29, 1541.68, 1553.01, 1564.31, 1575.55, 1586.76, 1597.91, 1609.02, 1620.09, 1631.11, 1642.08, 1653.0, 1663.87, 1674.7, 1685.47, 1696.2, 1706.87, 1717.5, 1728.08, 1738.6, 1749.08, 1759.51, 1769.89, 1780.22, 1967.66, 1977.08, 1986.45, 1995.79, 2005.08, 2014.33, 2023.54, 2032.71, 2041.83, 2050.92, 2059.96, 2068.97, 2077.93, 2086.86, 2095.74, 2104.59, 2113.4, 2122.17, 2130.9, 2139.6, 2148.26, 2156.88, 2165.47, 2174.02, 2182.53, 2191.01, 2199.46, 2207.86, 2216.24, 2224.58, 2232.89, 2241.16, 2249.4, 2257.61, 2265.79, 2273.93, 2282.04, 2290.12, 2298.17, 2306.19, 2314.18, 2322.13, 2330.05, 2337.94, 2345.81, 2353.64, 2361.44, 2369.21, 2376.95, 2384.66, 2392.34, 2400.0, 2407.62, 2415.21, 2422.78, 2430.32, 2437.83, 2445.3], "mean": [0.05886553106212424, 0.057033366733466866, 0.05885335335335337, 0.060215, 0.06104230000000006, 0.06063649999999993, 0.061963400000000037, 0.06284489999999997, 0.06313179999999995, 0.06467510000000007, 0.0648941, 0.06488319999999999, 0.06589520000000007, 0.06727049999999996, 0.06837020000000003, 0.06841589999999992, 0.06922970000000007, 0.07063509999999999, 0.07148490000000006, 0.07461450000000007, 0.07900479999999997, 0.08275909999999997, 0.08711419999999989, 0.0916893999999999, 0.09526429999999997, 0.09805360000000005, 0.09976429999999992, 0.10166919999999992, 0.10288380000000004, 0.10279929999999991, 0.1018332999999998, 0.0994200999999999, 0.10248290000000007, 0.10142590000000008, 0.10017410000000006, 0.09956230000000015, 0.09920539999999979, 0.09873479999999984, 0.0974548, 0.09582500000000004, 0.09256689999999992, 0.0918446000000001, 0.09417020000000002, 0.0935469999999999, 0.0921745000000001, 0.08986969999999994, 0.08845300000000014, 0.08739660000000003, 0.08679440000000005, 0.08586730000000004, 0.0899772999999999, 0.10152860000000016, 0.11935359999999995, 0.14324209999999993, 0.17161920000000017, 0.1984828000000001, 0.2337261000000001, 0.26920689999999997, 0.2986165999999999, 0.3128401999999995, 0.33049119999999993, 0.32439049999999986, 0.34466149999999984, 0.34739460000000016, 0.3452046999999996, 0.3514851999999993, 0.35253220000000035, 0.3578681000000003, 0.35151319999999997, 0.3594707000000002, 0.35860030000000015, 0.3671236000000002, 0.3730756000000004, 0.3740102999999999, 0.3809763000000004, 0.3814381000000003, 0.38355290000000014, 0.3828240000000002, 0.3777913999999999, 0.37476909999999963, 0.3673747000000001, 0.3630612999999996, 0.35903723723723696, 0.3413969969969974, 0.3759173000000001, 0.378343143143143, 0.3401105999999999, 0.4148029116465858, 0.3863449348044131, 0.40345572289156556, 0.3600879879879878, 0.36331691691691675, 0.3363169169169169, 0.3532063999999996, 0.34298548548548535, 0.36253820000000053, 0.34686516516516525, 0.37277070000000007, 0.3547730000000008, 0.3848186000000001, 0.3620796000000002, 0.39055909999999994, 0.3949542999999994, 0.40298259999999997, 0.41181490000000004, 0.4167323000000006, 0.4207748999999994, 0.42377620000000027, 0.42012760000000016, 0.41348730000000017, 0.39717790000000014, 0.3814401, 0.471171614844534, 0.40552382382382335, 0.35162809999999955, 0.34108599999999983, 0.34661659999999994, 0.35033280000000006, 0.35403240000000014, 0.3571169999999996, 0.3667934000000003, 0.37794549999999993, 0.38433210000000095, 0.3861116000000001, 0.3911846, 0.38807009999999964, 0.3777110000000001, 0.3648155999999998, 0.3541790999999998, 0.3554718999999997, null, null, null, null, null, 0.36997149999999984, 0.2761857999999999, 0.29983239999999983, 0.22775280000000017, 0.18275270000000018, 0.17965719999999988, 0.18596140000000025, 0.19161129999999987, 0.1984880000000001, 0.20629369999999975, 0.21266220000000005, 0.22046460000000012, 0.22591419999999995, 0.23107629999999993, 0.23807779999999998, 0.24182530000000005, 0.2447352000000002, 0.24707199999999996, 0.24926620000000008, 0.24791939999999996, 0.2480512999999999, 0.2465608999999999, 0.24397980000000014, 0.2413327, 0.23772469999999984, 0.23476749999999996, 0.23308260000000042, 0.2336585999999999, 0.2303964, 0.23562510000000017, 0.25024549999999995, 0.16057120000000005, 0.13350319999999996, 0.12841149999999985, 0.1257008, 0.1616301999999998, 0.16100119999999998, 0.13712940000000015, 0.12871849999999999, 0.1302093999999999, 0.13270300000000004, 0.13787409999999997, 0.1413174, 0.13954180000000008, 0.1374867999999999, 0.1373513, 0.13989159999999984, 0.14103579999999974, 0.13876249999999987, 0.14108979999999988, 0.1420669999999999, 0.14126680000000003, 0.14279909999999996, 0.14378029999999994, 0.14439800000000005, 0.1440466000000001, 0.14597799999999983, 0.14594630000000006, 0.1475953999999998, 0.14725580000000002, 0.14741420000000013, 0.1463016000000001, 0.14315640000000002, 0.14012950000000016, 0.1390383999999998, 0.1355194, 0.13318969999999994, 0.13131860000000004, 0.12885900000000017, 0.12708870000000008, 0.12436819999999997, 0.1210850000000001, 0.12597059999999996, 0.12061140000000004, 0.12071669999999997, 0.12226520000000009, 0.12651900000000016, 0.1199603, 0.1264377, 0.12990480000000004, 0.13952870000000026, 0.1307981, 0.12726610000000002, 0.14329359999999997, 0.1648367, 0.15013630000000017, 0.13792459999999993, 0.1552114999999999, 0.1763819],