{"filename": "ENMAP_09_MASKED.TIF", "labels": [418.416, 424.043, 429.457, 434.686, 439.757, 444.699, 449.539, 454.306, 459.031, 463.73, 468.411, 473.08, 477.744, 482.411, 487.087, 491.78, 496.497, 501.243, 506.02, 510.828, 515.672, 520.55, 525.467, 530.424, 535.422, 540.463, 545.551, 550.687, 555.873, 561.112, 566.405, 571.756, 577.166, 582.636, 588.171, 593.773, 599.446, 605.193, 611.017, 616.923, 622.92, 628.987, 635.112, 641.294, 647.537, 653.841, 660.207, 666.637, 673.131, 679.691, 686.319, 693.014, 699.78, 706.617, 713.524, 720.501, 727.545, 734.654, 741.826, 749.06, 756.353, 763.703, 771.108, 778.567, 786.078, 793.639, 801.248, 808.905, 816.608, 824.355, 832.145, 839.976, 847.847, 855.757, 863.703, 871.683, 879.692, 887.729, 895.789, 901.962, 903.87, 911.572, 911.968, 920.08, 921.32, 928.204, 931.204, 936.335, 941.218, 944.47, 951.361, 952.608, 960.748, 961.629, 968.891, 972.017, 977.037, 982.524, 985.186, 993.145, 993.338, 1003.88, 1014.72, 1025.66, 1036.7, 1047.84, 1059.07, 1070.39, 1081.79, 1093.26, 1104.81, 1116.43, 1128.11, 1139.84, 1151.62, 1163.44, 1175.31, 1187.2, 1199.11, 1211.05, 1223.0, 1234.97, 1246.95, 1258.93, 1270.92, 1282.92, 1294.91, 1306.9, 1318.88, 1330.86, 1342.82, 1354.76, 1366.69, 1378.6, 1390.48, 1449.43, 1461.11, 1472.74, 1484.34, 1495.89, 1507.4, 1518.87, 1530.29, 1541.68, 1553.01, 1564.31, 1575.55, 1586.76, 1597.91, 1609.02, 1620.09, 1631.11, 1642.08, 1653.0, 1663.87, 1674.7, 1685.47, 1696.2, 1706.87, 1717.5, 1728.08, 1738.6, 1749.08, 1759.51, 1769.89, 1780.22, 1967.66, 1977.08, 1986.45, 1995.79, 2005.08, 2014.33, 2023.54, 2032.71, 2041.83, 2050.92, 2059.96, 2068.97, 2077.93, 2086.86, 2095.74, 2104.59, 2113.4, 2122.17, 2130.9, 2139.6, 2148.26, 2156.88, 2165.47, 2174.02, 2182.53, 2191.01, 2199.46, 2207.86, 2216.24, 2224.58, 2232.89, 2241.16, 2249.4, 2257.61, 2265.79, 2273.93, 2282.04, 2290.12, 2298.17, 2306.19, 2314.18, 2322.13, 2330.05, 2337.94, 2345.81, 2353.64, 2361.44, 2369.21, 2376.95, 2384.66, 2392.34, 2400.0, 2407.62, 2415.21, 2422.78, 2430.32, 2437.83, 2445.3], "mean": [0.06960090000000005, 0.06870060000000008, 0.07065040000000013, 0.07230950000000004, 0.07334800000000002, 0.07394299999999986, 0.07565680000000001, 0.07698899999999996, 0.07776939999999997, 0.07936120000000009, 0.08006840000000005, 0.0803915, 0.08091440000000003, 0.08202700000000003, 0.08298820000000004, 0.08276939999999998, 0.08290510000000001, 0.08419429999999993, 0.08454500000000009, 0.08524520000000008, 0.08710759999999997, 0.08866390000000002, 0.09033909999999994, 0.09227720000000006, 0.09380100000000004, 0.09539150000000012, 0.09579459999999998, 0.09595209999999997, 0.09629310000000003, 0.09661689999999996, 0.09660800000000003, 0.09582429999999989, 0.09249480000000009, 0.09168179999999997, 0.09059310000000004, 0.0898512000000001, 0.08895390000000003, 0.08847080000000014, 0.0880480000000001, 0.08749790000000002, 0.088385, 0.0880269, 0.08740559999999999, 0.08772830000000006, 0.08732450000000008, 0.08595429999999998, 0.08523910000000003, 0.08477479999999991, 0.08450889999999994, 0.0850612999999999, 0.08697249999999992, 0.09152810000000004, 0.099786, 0.10830859999999988, 0.11858340000000021, 0.12854340000000003, 0.14246189999999975, 0.15332570000000012, 0.1618233999999998, 0.1661609, 0.1724042000000002, 0.16441910000000032, 0.1763418000000002, 0.17840769999999992, 0.18051900000000004, 0.18127919999999992, 0.18254350000000014, 0.18587919999999997, 0.18526939999999997, 0.18871589999999994, 0.18619089999999985, 0.1877630999999999, 0.18879620000000003, 0.19024980000000005, 0.1914892999999998, 0.1916385999999998, 0.19368239999999978, 0.1922283000000003, 0.19379179999999976, 0.2027356999999998, 0.19464390000000015, 0.1979465999999998, 0.1899662000000002, 0.18219779999999994, 0.2037618000000002, 0.19778229999999986, 0.17824089999999998, 0.2070170000000002, 0.22384029999999996, 0.20746639999999963, 0.20357209999999984, 0.18271260000000006, 0.17089069999999976, 0.19851830000000004, 0.1758169000000004, 0.19890699999999997, 0.17590700000000015, 0.19972610000000013, 0.17642540000000004, 0.20018619999999993, 0.1783149000000002, 0.20161860000000012, 0.20529070000000008, 0.20798450000000016, 0.21008240000000006, 0.2117460999999998, 0.2140204000000003, 0.2154394000000001, 0.21526159999999991, 0.21540480000000017, 0.21300279999999988, 0.19494180000000014, 0.24390149999999997, 0.2299227000000001, 0.1937966000000001, 0.19166800000000023, 0.19258589999999998, 0.1966371000000001, 0.19692149999999997, 0.19677269999999994, 0.19893580000000008, 0.2014633000000002, 0.20293099999999992, 0.2049270000000001, 0.21081890000000025, 0.20645499999999997, 0.20319759999999984, 0.20007520000000006, 0.2010387999999998, 0.20422370000000006, null, null, null, null, null, 0.1373385999999998, 0.14212320000000006, 0.1400816, 0.12939629999999985, 0.1291862, 0.13173559999999998, 0.13579999999999998, 0.1380857000000001, 0.14054430000000007, 0.14343730000000005, 0.14525749999999998, 0.14815499999999987, 0.15073699999999998, 0.1522079, 0.15525789999999978, 0.15692470000000008, 0.15777410000000017, 0.1588859000000001, 0.16052950000000016, 0.1596147000000001, 0.15980680000000005, 0.15881399999999998, 0.1576182, 0.15681470000000014, 0.15525039999999998, 0.15392150000000002, 0.15359590000000006, 0.1550611999999999, 0.15257010000000001, 0.15189150000000023, 0.15246990000000016, 0.10566420000000008, 0.10692789999999994, 0.11018869999999989, 0.09786430000000006, 0.08923270000000016, 0.09201710000000013, 0.10410069999999995, 0.11046990000000015, 0.11110849999999993, 0.10553810000000001, 0.10917300000000002, 0.1102848000000002, 0.11388999999999994, 0.11300579999999992, 0.11290019999999995, 0.11516589999999992, 0.11510340000000002, 0.11708450000000012, 0.1165282, 0.11608840000000005, 0.11553449999999986, 0.11741379999999989, 0.11628669999999983, 0.1162543999999999, 0.11597409999999997, 0.11620630000000007, 0.11491650000000007, 0.11526750000000019, 0.11470460000000011, 0.11473210000000002, 0.11313719999999981, 0.1110950000000001, 0.10929149999999996, 0.10700680000000014, 0.10467430000000003, 0.1038785999999999, 0.10299870000000014, 0.09998030000000002, 0.09883580000000008, 0.09889479999999996, 0.09565110000000004, 0.09700459999999993, 0.09609670000000001, 0.09319110000000012, 0.09173250000000002, 0.09456280000000016, 0.09516420000000007, 0.09334480000000009, 0.09312179999999996, 0.09320930000000004, 0.09596769999999995, 0.09605170000000002, 0.09460869999999985, 0.09335479999999993, 0.10278230000000016, 0.1033693999999999, 0.11408699999999998, 0.10217269999999999],