{"filename": "ENMAP_23_MASKED.TIF", "labels": [418.416, 424.043, 429.457, 434.686, 439.757, 444.699, 449.539, 454.306, 459.031, 463.73, 468.411, 473.08, 477.744, 482.411, 487.087, 491.78, 496.497, 501.243, 506.02, 510.828, 515.672, 520.55, 525.467, 530.424, 535.422, 540.463, 545.551, 550.687, 555.873, 561.112, 566.405, 571.756, 577.166, 582.636, 588.171, 593.773, 599.446, 605.193, 611.017, 616.923, 622.92, 628.987, 635.112, 641.294, 647.537, 653.841, 660.207, 666.637, 673.131, 679.691, 686.319, 693.014, 699.78, 706.617, 713.524, 720.501, 727.545, 734.654, 741.826, 749.06, 756.353, 763.703, 771.108, 778.567, 786.078, 793.639, 801.248, 808.905, 816.608, 824.355, 832.145, 839.976, 847.847, 855.757, 863.703, 871.683, 879.692, 887.729, 895.789, 901.962, 903.87, 911.572, 911.968, 920.08, 921.32, 928.204, 931.204, 936.335, 941.218, 944.47, 951.361, 952.608, 960.748, 961.629, 968.891, 972.017, 977.037, 982.524, 985.186, 993.145, 993.338, 1003.88, 1014.72, 1025.66, 1036.7, 1047.84, 1059.07, 1070.39, 1081.79, 1093.26, 1104.81, 1116.43, 1128.11, 1139.84, 1151.62, 1163.44, 1175.31, 1187.2, 1199.11, 1211.05, 1223.0, 1234.97, 1246.95, 1258.93, 1270.92, 1282.92, 1294.91, 1306.9, 1318.88, 1330.86, 1342.82, 1354.76, 1366.69, 1378.6, 1390.48, 1449.43, 1461.11, 1472.74, 1484.34, 1495.89, 1507.4, 1518.87, 1530.29, 1541.68, 1553.01, 1564.31, 1575.55, 1586.76, 1597.91, 1609.02, 1620.09, 1631.11, 1642.08, 1653.0, 1663.87, 1674.7, 1685.47, 1696.2, 1706.87, 1717.5, 1728.08, 1738.6, 1749.08, 1759.51, 1769.89, 1780.22, 1967.66, 1977.08, 1986.45, 1995.79, 2005.08, 2014.33, 2023.54, 2032.71, 2041.83, 2050.92, 2059.96, 2068.97, 2077.93, 2086.86, 2095.74, 2104.59, 2113.4, 2122.17, 2130.9, 2139.6, 2148.26, 2156.88, 2165.47, 2174.02, 2182.53, 2191.01, 2199.46, 2207.86, 2216.24, 2224.58, 2232.89, 2241.16, 2249.4, 2257.61, 2265.79, 2273.93, 2282.04, 2290.12, 2298.17, 2306.19, 2314.18, 2322.13, 2330.05, 2337.94, 2345.81, 2353.64, 2361.44, 2369.21, 2376.95, 2384.66, 2392.34, 2400.0, 2407.62, 2415.21, 2422.78, 2430.32, 2437.83, 2445.3], "mean": [0.03392179999999999, 0.03314834834834836, 0.03626816816816816, 0.03705165165165166, 0.03843460000000003, 0.03854374374374373, 0.04023789999999998, 0.04188009999999998, 0.042342199999999976, 0.04423699999999998, 0.04465549999999997, 0.04438259999999996, 0.045292100000000064, 0.04745719999999999, 0.04892340000000001, 0.04856980000000005, 0.049544799999999986, 0.05157660000000003, 0.05241459999999998, 0.055340400000000046, 0.059745900000000025, 0.06255010000000003, 0.06631550000000001, 0.07028640000000008, 0.0736462999999999, 0.07644089999999996, 0.07794209999999999, 0.07947170000000005, 0.08073449999999993, 0.0811735999999999, 0.08080620000000004, 0.07933859999999998, 0.08134759999999995, 0.08118470000000004, 0.08072590000000003, 0.08063530000000001, 0.08069239999999997, 0.0807700999999999, 0.07992280000000002, 0.07872220000000012, 0.07687370000000011, 0.07644089999999998, 0.07800369999999993, 0.07795780000000012, 0.07695999999999993, 0.07493000000000002, 0.07386870000000005, 0.0729155, 0.07242570000000002, 0.07235200000000006, 0.07594089999999999, 0.08652770000000015, 0.10326789999999998, 0.12282660000000005, 0.14500179999999996, 0.16721299999999997, 0.19523210000000027, 0.2249651, 0.2480378999999998, 0.26100249999999997, 0.2769587000000002, 0.26072539999999994, 0.28533179999999975, 0.28965900000000017, 0.2922201, 0.2964309000000005, 0.2987629000000002, 0.30444839999999956, 0.2994096000000002, 0.30637699999999984, 0.3039939000000002, 0.3075959, 0.31075830000000026, 0.3114158000000003, 0.3148084000000001, 0.31613750000000035, 0.3186380999999998, 0.3172659, 0.31744469999999986, 0.3280556000000003, 0.3197586999999999, 0.32040559999999985, 0.3133412999999996, 0.3022301000000001, 0.3311462000000001, 0.3285730000000005, 0.2934291999999999, 0.3506701807228912, 0.3570279999999998, 0.3515927783350049, 0.32673399999999986, 0.311623269809428, 0.29004729999999984, 0.31910930000000015, 0.2996320000000001, 0.3233519000000004, 0.299577, 0.3274522000000002, 0.3015670000000001, 0.33122339999999967, 0.3045489999999999, 0.3343191999999994, 0.33883729999999973, 0.3440675000000002, 0.3490946999999996, 0.3524244999999998, 0.3561021000000002, 0.35997519999999944, 0.35964229999999947, 0.3589988999999996, 0.3537217999999998, 0.32888669999999987, 0.4139773999999997, 0.37488489999999924, 0.31782710000000025, 0.31395090000000025, 0.3164234000000002, 0.32188140000000093, 0.32300000000000023, 0.32418300000000017, 0.3297300000000001, 0.3360244000000001, 0.33959160000000016, 0.34091879999999963, 0.34837019999999985, 0.3461983999999994, 0.3408885000000003, 0.3341702999999996, 0.3287756999999999, 0.32822700000000027, null, null, null, null, null, 0.20899410000000035, 0.18271380000000023, 0.19146019999999978, 0.1687637000000004, 0.16727579999999992, 0.1740987000000001, 0.1832223, 0.19011469999999986, 0.19700090000000003, 0.2039869000000001, 0.20936990000000003, 0.21628759999999975, 0.2219468000000001, 0.22641939999999947, 0.23296040000000037, 0.23672329999999997, 0.23894989999999997, 0.24149590000000007, 0.24439119999999975, 0.24272669999999988, 0.24273979999999992, 0.24040359999999997, 0.2369851, 0.23390020000000017, 0.2301119000000004, 0.22609970000000015, 0.22572589999999998, 0.22668440000000006, 0.22194280000000005, 0.22157549999999993, 0.22254370000000018, 0.10949499999999997, 0.10862989999999992, 0.11305370000000013, 0.10272380000000005, 0.10207379999999992, 0.10433079999999993, 0.11451069999999995, 0.1213192000000002, 0.12301450000000015, 0.11771480000000017, 0.12223869999999983, 0.12494909999999991, 0.13006490000000015, 0.13017769999999979, 0.13102149999999999, 0.1347998999999999, 0.13590060000000004, 0.13660619999999993, 0.13823639999999993, 0.1389792999999999, 0.13820380000000007, 0.14011819999999997, 0.1402581000000002, 0.14111369999999968, 0.14077699999999999, 0.14314739999999998, 0.14134930000000023, 0.1436861000000001, 0.14435979999999995, 0.14480870000000007, 0.1427198000000002, 0.13860040000000018, 0.13448090000000001, 0.13103419999999993, 0.12667910000000024, 0.12423090000000005, 0.12219369999999985, 0.11765529999999992, 0.11463689999999986, 0.11325079999999989, 0.10876729999999991, 0.11088100000000002, 0.10928940000000012, 0.10494410000000003, 0.10243199999999998, 0.10467859999999994, 0.10516300000000017, 0.10269890000000009, 0.1018381000000001, 0.10174240000000007, 0.10302549999999998, 0.10221629999999989, 0.10108050000000007, 0.10018929999999998, 0.10625770000000008, 0.10491869999999986, 0.11434750000000007, 0.10486819999999993],