{"filename": "ENMAP_02_MASKED.TIF", "labels": [418.416, 424.043, 429.457, 434.686, 439.757, 444.699, 449.539, 454.306, 459.031, 463.73, 468.411, 473.08, 477.744, 482.411, 487.087, 491.78, 496.497, 501.243, 506.02, 510.828, 515.672, 520.55, 525.467, 530.424, 535.422, 540.463, 545.551, 550.687, 555.873, 561.112, 566.405, 571.756, 577.166, 582.636, 588.171, 593.773, 599.446, 605.193, 611.017, 616.923, 622.92, 628.987, 635.112, 641.294, 647.537, 653.841, 660.207, 666.637, 673.131, 679.691, 686.319, 693.014, 699.78, 706.617, 713.524, 720.501, 727.545, 734.654, 741.826, 749.06, 756.353, 763.703, 771.108, 778.567, 786.078, 793.639, 801.248, 808.905, 816.608, 824.355, 832.145, 839.976, 847.847, 855.757, 863.703, 871.683, 879.692, 887.729, 895.789, 901.962, 903.87, 911.572, 911.968, 920.08, 921.32, 928.204, 931.204, 936.335, 941.218, 944.47, 951.361, 952.608, 960.748, 961.629, 968.891, 972.017, 977.037, 982.524, 985.186, 993.145, 993.338, 1003.88, 1014.72, 1025.66, 1036.7, 1047.84, 1059.07, 1070.39, 1081.79, 1093.26, 1104.81, 1116.43, 1128.11, 1139.84, 1151.62, 1163.44, 1175.31, 1187.2, 1199.11, 1211.05, 1223.0, 1234.97, 1246.95, 1258.93, 1270.92, 1282.92, 1294.91, 1306.9, 1318.88, 1330.86, 1342.82, 1354.76, 1366.69, 1378.6, 1390.48, 1449.43, 1461.11, 1472.74, 1484.34, 1495.89, 1507.4, 1518.87, 1530.29, 1541.68, 1553.01, 1564.31, 1575.55, 1586.76, 1597.91, 1609.02, 1620.09, 1631.11, 1642.08, 1653.0, 1663.87, 1674.7, 1685.47, 1696.2, 1706.87, 1717.5, 1728.08, 1738.6, 1749.08, 1759.51, 1769.89, 1780.22, 1967.66, 1977.08, 1986.45, 1995.79, 2005.08, 2014.33, 2023.54, 2032.71, 2041.83, 2050.92, 2059.96, 2068.97, 2077.93, 2086.86, 2095.74, 2104.59, 2113.4, 2122.17, 2130.9, 2139.6, 2148.26, 2156.88, 2165.47, 2174.02, 2182.53, 2191.01, 2199.46, 2207.86, 2216.24, 2224.58, 2232.89, 2241.16, 2249.4, 2257.61, 2265.79, 2273.93, 2282.04, 2290.12, 2298.17, 2306.19, 2314.18, 2322.13, 2330.05, 2337.94, 2345.81, 2353.64, 2361.44, 2369.21, 2376.95, 2384.66, 2392.34, 2400.0, 2407.62, 2415.21, 2422.78, 2430.32, 2437.83, 2445.3], "mean": [0.05107414486921533, 0.0488625754527163, 0.051871557788944804, 0.05233718592964826, 0.05319004024144871, 0.05258603015075384, 0.053545180722891536, 0.05438436873747496, 0.054468837675350754, 0.05574810000000005, 0.055931899999999965, 0.0554230230230231, 0.05578109999999996, 0.057403599999999985, 0.05866460000000002, 0.05785829999999998, 0.058137899999999985, 0.06007750000000006, 0.06062340000000006, 0.06343339999999999, 0.06825619999999999, 0.07146490000000008, 0.07524849999999995, 0.07938980000000005, 0.08268819999999989, 0.0852559000000001, 0.0864582000000001, 0.08755390000000007, 0.08830360000000011, 0.0882411, 0.0871175, 0.08483070000000005, 0.08110239999999994, 0.08048920000000004, 0.0795015000000001, 0.07940879999999985, 0.07924690000000006, 0.0790329, 0.07781080000000005, 0.07623179999999995, 0.07758069999999999, 0.07678250000000017, 0.07476740000000003, 0.07445209999999997, 0.07321440000000011, 0.0708578, 0.06954920000000007, 0.0682528, 0.06755340000000004, 0.06974480000000005, 0.07312749999999989, 0.08166210000000011, 0.09906519999999994, 0.11969400000000001, 0.143348, 0.16734089999999993, 0.19939760000000026, 0.2353931000000003, 0.26337469999999996, 0.2764850000000001, 0.2934812999999997, 0.2787313999999998, 0.3058700000000001, 0.30913660000000037, 0.3107990999999999, 0.3186334999999998, 0.3203989000000002, 0.3258372999999995, 0.31853120000000024, 0.32729060000000026, 0.324160099999999, 0.32909579999999977, 0.3319907999999999, 0.32872709999999916, 0.3318992000000003, 0.3324389999999999, 0.3344251999999998, 0.33654359999999933, 0.33414780000000033, 0.3449930999999999, 0.33478200000000014, 0.3357829000000003, 0.32642770000000026, 0.3144323323323331, 0.34653360000000033, 0.3396222222222223, 0.3121760999999999, 0.3620080240722165, 0.36931000000000014, 0.3627024048096191, 0.33419689999999985, 0.31840980980981, 0.2941371371371368, 0.32199960000000016, 0.30527170000000003, 0.32941509999999996, 0.3050810999999994, 0.3342812000000003, 0.3082492999999994, 0.3409273, 0.31186519999999984, 0.34500820000000015, 0.3460984000000005, 0.35230309999999965, 0.35832900000000045, 0.3620489000000001, 0.36604539999999985, 0.37378159999999994, 0.3724576000000002, 0.3704948000000005, 0.3623303999999997, 0.3438290000000007, 0.43636870000000005, 0.3778116999999997, 0.3101689999999999, 0.30492010000000014, 0.31044050000000023, 0.31522179999999983, 0.3171556000000004, 0.31815920000000025, 0.3240112000000004, 0.3308626000000002, 0.3348732, 0.33319560000000037, 0.3385294000000002, 0.3392335000000003, 0.3328095, 0.32431960000000004, 0.3140016000000002, 0.3124820999999996, null, null, null, null, null, 0.23284439999999992, 0.1786362000000004, 0.19144229999999995, 0.1526161, 0.1465385000000002, 0.15330789999999994, 0.16211940000000002, 0.16912299999999986, 0.1761400000000001, 0.18321689999999985, 0.1888368000000003, 0.19555110000000012, 0.20096590000000014, 0.20563729999999986, 0.2116237000000002, 0.21486519999999995, 0.21713380000000013, 0.21956860000000014, 0.22234459999999984, 0.22137169999999987, 0.22171420000000028, 0.21995219999999988, 0.21712100000000017, 0.2148068000000001, 0.21178310000000017, 0.20782310000000004, 0.2062467999999998, 0.20612849999999994, 0.2016753, 0.2012839, 0.20299340000000005, 0.093516, 0.0898784, 0.09326090000000001, 0.0867189999999999, 0.0906098, 0.09093899999999995, 0.09533780000000007, 0.10144520000000005, 0.1038211, 0.10079389999999999, 0.10418189999999991, 0.10683669999999987, 0.11152090000000005, 0.1121479999999999, 0.11321140000000018, 0.11673780000000002, 0.1183577, 0.11875699999999988, 0.12075480000000013, 0.12191209999999987, 0.12162760000000004, 0.12334620000000009, 0.12366, 0.12446089999999992, 0.12403909999999997, 0.1258908999999999, 0.1241438, 0.12660760000000013, 0.1266765000000001, 0.12672759999999997, 0.12505990000000006, 0.12169530000000013, 0.11828250000000005, 0.11593060000000005, 0.11221610000000004, 0.11020539999999987, 0.10858039999999995, 0.10479129999999987, 0.10195890000000013, 0.10084499999999998, 0.09717040000000014, 0.0974635000000001, 0.09596480000000003, 0.0921931, 0.08999510000000002, 0.0914116000000001, 0.09155840000000003, 0.08975470000000006, 0.08894829999999994, 0.08920639999999992, 0.08921989999999992, 0.08842059999999997, 0.08852840000000019, 0.09100769999999991, 0.09225810000000001, 0.09137290000000015, 0.0997857999999999, 0.097712],