{"filename": "ENMAP_08_MASKED.TIF", "labels": [418.416, 424.043, 429.457, 434.686, 439.757, 444.699, 449.539, 454.306, 459.031, 463.73, 468.411, 473.08, 477.744, 482.411, 487.087, 491.78, 496.497, 501.243, 506.02, 510.828, 515.672, 520.55, 525.467, 530.424, 535.422, 540.463, 545.551, 550.687, 555.873, 561.112, 566.405, 571.756, 577.166, 582.636, 588.171, 593.773, 599.446, 605.193, 611.017, 616.923, 622.92, 628.987, 635.112, 641.294, 647.537, 653.841, 660.207, 666.637, 673.131, 679.691, 686.319, 693.014, 699.78, 706.617, 713.524, 720.501, 727.545, 734.654, 741.826, 749.06, 756.353, 763.703, 771.108, 778.567, 786.078, 793.639, 801.248, 808.905, 816.608, 824.355, 832.145, 839.976, 847.847, 855.757, 863.703, 871.683, 879.692, 887.729, 895.789, 901.962, 903.87, 911.572, 911.968, 920.08, 921.32, 928.204, 931.204, 936.335, 941.218, 944.47, 951.361, 952.608, 960.748, 961.629, 968.891, 972.017, 977.037, 982.524, 985.186, 993.145, 993.338, 1003.88, 1014.72, 1025.66, 1036.7, 1047.84, 1059.07, 1070.39, 1081.79, 1093.26, 1104.81, 1116.43, 1128.11, 1139.84, 1151.62, 1163.44, 1175.31, 1187.2, 1199.11, 1211.05, 1223.0, 1234.97, 1246.95, 1258.93, 1270.92, 1282.92, 1294.91, 1306.9, 1318.88, 1330.86, 1342.82, 1354.76, 1366.69, 1378.6, 1390.48, 1449.43, 1461.11, 1472.74, 1484.34, 1495.89, 1507.4, 1518.87, 1530.29, 1541.68, 1553.01, 1564.31, 1575.55, 1586.76, 1597.91, 1609.02, 1620.09, 1631.11, 1642.08, 1653.0, 1663.87, 1674.7, 1685.47, 1696.2, 1706.87, 1717.5, 1728.08, 1738.6, 1749.08, 1759.51, 1769.89, 1780.22, 1967.66, 1977.08, 1986.45, 1995.79, 2005.08, 2014.33, 2023.54, 2032.71, 2041.83, 2050.92, 2059.96, 2068.97, 2077.93, 2086.86, 2095.74, 2104.59, 2113.4, 2122.17, 2130.9, 2139.6, 2148.26, 2156.88, 2165.47, 2174.02, 2182.53, 2191.01, 2199.46, 2207.86, 2216.24, 2224.58, 2232.89, 2241.16, 2249.4, 2257.61, 2265.79, 2273.93, 2282.04, 2290.12, 2298.17, 2306.19, 2314.18, 2322.13, 2330.05, 2337.94, 2345.81, 2353.64, 2361.44, 2369.21, 2376.95, 2384.66, 2392.34, 2400.0, 2407.62, 2415.21, 2422.78, 2430.32, 2437.83, 2445.3], "mean": [0.018043800000000002, 0.015574400000000004, 0.015491399999999995, 0.018760900000000028, 0.019499100000000002, 0.019435699999999976, 0.02031970000000002, 0.02142740000000001, 0.021639799999999973, 0.022985500000000006, 0.023312900000000004, 0.023030400000000003, 0.02316820000000002, 0.02446299999999999, 0.025019300000000022, 0.024533700000000012, 0.02479959999999998, 0.02590859999999999, 0.026282300000000005, 0.027964099999999995, 0.030682499999999994, 0.032839200000000034, 0.035627499999999986, 0.03844769999999999, 0.04100100000000007, 0.04332440000000007, 0.044335099999999975, 0.04543510000000003, 0.046294399999999986, 0.04617820000000003, 0.045309200000000056, 0.043475999999999994, 0.04107299999999999, 0.040418099999999985, 0.03956159999999998, 0.039102300000000034, 0.03935669999999997, 0.03914049999999998, 0.03823390000000005, 0.03696339999999994, 0.03696469999999999, 0.03633559999999991, 0.03582069999999999, 0.0353734, 0.03400470000000004, 0.032481599999999985, 0.03180200000000002, 0.03112439999999999, 0.03062370000000002, 0.03138610000000003, 0.03315370000000001, 0.040561999999999945, 0.05693859999999992, 0.07742880000000006, 0.0993417, 0.1281438000000001, 0.16041999999999965, 0.18866159999999962, 0.21179150000000008, 0.2270698000000002, 0.23931380000000022, 0.23047040000000016, 0.24896479999999993, 0.2538157, 0.2567859, 0.25885810000000026, 0.2611339, 0.2655320000000002, 0.2655888000000003, 0.27040949999999997, 0.2714890000000002, 0.2738361000000002, 0.2755561000000004, 0.2782802, 0.28045970000000014, 0.28284669999999995, 0.2851521999999998, 0.2842589000000002, 0.28819059999999974, 0.2995235999999999, 0.28826959999999985, 0.2974491999999996, 0.2836269999999993, 0.2786826000000001, 0.30721300000000007, 0.2985109000000006, 0.2912837000000001, 0.29107209999999994, 0.30580180000000035, 0.2909731, 0.2970232999999998, 0.27332430000000024, 0.26320400000000005, 0.29207799999999984, 0.2710951999999998, 0.29609210000000025, 0.27078310000000017, 0.2981379999999997, 0.2733841999999998, 0.30130599999999974, 0.27451380000000053, 0.3047092999999996, 0.3103958, 0.3161775999999999, 0.3213703000000005, 0.3254356000000001, 0.3299304999999998, 0.33429459999999994, 0.3358322999999994, 0.3381062999999996, 0.3414663000000001, 0.33050640000000014, 0.3260776999999997, 0.31391830000000054, 0.28455949999999985, 0.28537579999999974, 0.2804883999999998, 0.27897740000000015, 0.27813610000000055, 0.2797709, 0.2853662000000004, 0.29170700000000027, 0.2960771000000003, 0.30029969999999967, 0.30559610000000054, 0.3042338000000001, 0.30204159999999963, 0.29517330000000025, 0.28554050000000014, 0.27559730000000016, null, null, null, null, null, 0.08609960000000001, 0.08960109999999996, 0.08786089999999998, 0.0915012, 0.09701350000000013, 0.10271100000000014, 0.10995209999999994, 0.11590429999999988, 0.1216523999999999, 0.12766590000000003, 0.1331520000000001, 0.13875270000000003, 0.14391940000000006, 0.1488154000000001, 0.15424, 0.15837709999999972, 0.16153949999999986, 0.16407920000000023, 0.16611020000000007, 0.16523369999999996, 0.16530629999999993, 0.16388880000000014, 0.16150370000000008, 0.1589770999999998, 0.15553280000000003, 0.15222860000000013, 0.15088749999999998, 0.14986549999999993, 0.1465066999999999, 0.14683699999999983, 0.1450660999999999, 0.04619589999999996, 0.049552699999999957, 0.05274079999999998, 0.04989899999999991, 0.04289309999999994, 0.046806500000000036, 0.05589989999999993, 0.059889700000000025, 0.06161429999999996, 0.05856309999999999, 0.059597100000000014, 0.061531800000000025, 0.0649747, 0.0657067, 0.06647800000000005, 0.06814779999999994, 0.06939630000000001, 0.07047849999999992, 0.0714455, 0.07233359999999997, 0.07321770000000004, 0.07466989999999998, 0.07533699999999993, 0.07676610000000003, 0.07791150000000018, 0.07944190000000005, 0.079524, 0.08109509999999998, 0.08141669999999994, 0.0813138000000001, 0.07971669999999997, 0.07698649999999996, 0.07401790000000004, 0.07102439999999992, 0.06813279999999997, 0.06596939999999996, 0.06455969999999996, 0.06269390000000001, 0.06026740000000003, 0.05872160000000004, 0.05686040000000003, 0.05736590000000008, 0.05632229999999998, 0.05417370000000003, 0.0528436, 0.05294670000000005, 0.05295360000000006, 0.051734400000000014, 0.05113909999999993, 0.05090840000000006, 0.04978479999999998, 0.048461299999999964, 0.04772449999999997, 0.04610120000000006, 0.045596799999999944, 0.044579899999999964, 0.044259200000000096, 0.04131800000000006],