{"filename": "ENMAP_21_MASKED.TIF", "labels": [418.416, 424.043, 429.457, 434.686, 439.757, 444.699, 449.539, 454.306, 459.031, 463.73, 468.411, 473.08, 477.744, 482.411, 487.087, 491.78, 496.497, 501.243, 506.02, 510.828, 515.672, 520.55, 525.467, 530.424, 535.422, 540.463, 545.551, 550.687, 555.873, 561.112, 566.405, 571.756, 577.166, 582.636, 588.171, 593.773, 599.446, 605.193, 611.017, 616.923, 622.92, 628.987, 635.112, 641.294, 647.537, 653.841, 660.207, 666.637, 673.131, 679.691, 686.319, 693.014, 699.78, 706.617, 713.524, 720.501, 727.545, 734.654, 741.826, 749.06, 756.353, 763.703, 771.108, 778.567, 786.078, 793.639, 801.248, 808.905, 816.608, 824.355, 832.145, 839.976, 847.847, 855.757, 863.703, 871.683, 879.692, 887.729, 895.789, 901.962, 903.87, 911.572, 911.968, 920.08, 921.32, 928.204, 931.204, 936.335, 941.218, 944.47, 951.361, 952.608, 960.748, 961.629, 968.891, 972.017, 977.037, 982.524, 985.186, 993.145, 993.338, 1003.88, 1014.72, 1025.66, 1036.7, 1047.84, 1059.07, 1070.39, 1081.79, 1093.26, 1104.81, 1116.43, 1128.11, 1139.84, 1151.62, 1163.44, 1175.31, 1187.2, 1199.11, 1211.05, 1223.0, 1234.97, 1246.95, 1258.93, 1270.92, 1282.92, 1294.91, 1306.9, 1318.88, 1330.86, 1342.82, 1354.76, 1366.69, 1378.6, 1390.48, 1449.43, 1461.11, 1472.74, 1484.34, 1495.89, 1507.4, 1518.87, 1530.29, 1541.68, 1553.01, 1564.31, 1575.55, 1586.76, 1597.91, 1609.02, 1620.09, 1631.11, 1642.08, 1653.0, 1663.87, 1674.7, 1685.47, 1696.2, 1706.87, 1717.5, 1728.08, 1738.6, 1749.08, 1759.51, 1769.89, 1780.22, 1967.66, 1977.08, 1986.45, 1995.79, 2005.08, 2014.33, 2023.54, 2032.71, 2041.83, 2050.92, 2059.96, 2068.97, 2077.93, 2086.86, 2095.74, 2104.59, 2113.4, 2122.17, 2130.9, 2139.6, 2148.26, 2156.88, 2165.47, 2174.02, 2182.53, 2191.01, 2199.46, 2207.86, 2216.24, 2224.58, 2232.89, 2241.16, 2249.4, 2257.61, 2265.79, 2273.93, 2282.04, 2290.12, 2298.17, 2306.19, 2314.18, 2322.13, 2330.05, 2337.94, 2345.81, 2353.64, 2361.44, 2369.21, 2376.95, 2384.66, 2392.34, 2400.0, 2407.62, 2415.21, 2422.78, 2430.32, 2437.83, 2445.3], "mean": [0.027833700000000006, 0.027544599999999995, 0.031149999999999966, 0.03204510000000001, 0.0335482, 0.033805399999999985, 0.03561949999999997, 0.03728190000000001, 0.03783420000000008, 0.03975089999999997, 0.040235500000000056, 0.04010050000000001, 0.04136819999999989, 0.04386840000000002, 0.04568029999999993, 0.045571600000000094, 0.046870100000000095, 0.04918659999999997, 0.050162000000000005, 0.05277660000000003, 0.05678860000000008, 0.05904009999999992, 0.062177300000000046, 0.0656309000000001, 0.06875969999999999, 0.07177530000000006, 0.0734676000000001, 0.07523010000000002, 0.0769857, 0.07819000000000001, 0.07889569999999987, 0.07884329999999996, 0.0818291000000001, 0.08238649999999995, 0.0824654, 0.08290040000000007, 0.0836787000000001, 0.08426300000000009, 0.08411009999999984, 0.08356400000000005, 0.08297089999999993, 0.08328010000000008, 0.0843212, 0.0845495000000001, 0.0837769000000001, 0.08231489999999998, 0.08176760000000002, 0.08124789999999987, 0.08106969999999988, 0.08261200000000005, 0.0872538, 0.09710049999999985, 0.1131648, 0.1313380999999999, 0.1515531000000001, 0.16940860000000002, 0.19167660000000003, 0.21460479999999982, 0.23144269999999992, 0.24184870000000017, 0.25544399999999984, 0.23992550000000015, 0.2613525999999999, 0.2661815999999998, 0.2702387999999998, 0.2727260000000001, 0.27538200000000024, 0.28112189999999976, 0.2761371000000003, 0.2832384000000001, 0.28276580000000007, 0.28825410000000007, 0.29225530000000055, 0.29529250000000007, 0.2988996999999998, 0.3014468000000002, 0.3051546000000005, 0.3033629, 0.3026605, 0.3140126000000002, 0.30471550000000036, 0.3079304000000004, 0.3005484999999999, 0.2917054000000001, 0.31863019999999986, 0.31620729999999947, 0.2885824000000002, 0.3385781344032091, 0.33932160000000006, 0.3356316950852562, 0.3171901000000005, 0.3053109327983953, 0.2888348044132399, 0.3134094000000001, 0.29542829999999987, 0.31898950000000026, 0.29664340000000056, 0.32505890000000043, 0.3003820000000005, 0.33076829999999957, 0.3046227999999999, 0.3345201000000004, 0.34073629999999994, 0.3458452000000002, 0.35058420000000007, 0.35406099999999985, 0.35833119999999974, 0.3620911000000001, 0.3620961, 0.36134619999999973, 0.3544748999999994, 0.3356750000000001, 0.4178090000000005, 0.3686453000000005, 0.3249884999999996, 0.3223874999999997, 0.3265582000000001, 0.3321042000000001, 0.3337224999999994, 0.3360005999999999, 0.34343649999999976, 0.35156880000000024, 0.35637459999999965, 0.35920350000000023, 0.3682015, 0.3645724999999999, 0.3585773999999998, 0.35046010000000005, 0.3418924000000002, 0.33476630000000024, null, null, null, null, null, 0.25688550000000004, 0.20717379999999988, 0.22315220000000008, 0.18843860000000004, 0.1839894999999999, 0.19177150000000012, 0.20124969999999975, 0.2083287, 0.2150926, 0.22188229999999995, 0.22683519999999988, 0.23370470000000018, 0.238926, 0.24331080000000008, 0.2501548999999998, 0.2537359, 0.2557287000000002, 0.25791499999999995, 0.2599067000000001, 0.257412, 0.2568934999999997, 0.2542457, 0.2499760999999999, 0.24596479999999998, 0.24112649999999983, 0.23647470000000026, 0.23618579999999992, 0.2369354999999991, 0.23093429999999981, 0.22884430000000028, 0.22772529999999985, 0.12293550000000006, 0.11954799999999997, 0.12425799999999991, 0.1149667000000001, 0.12500040000000004, 0.12600739999999996, 0.12977640000000007, 0.13484459999999993, 0.13606999999999997, 0.13088349999999999, 0.13479890000000005, 0.13693919999999987, 0.14113260000000008, 0.14044059999999997, 0.14071979999999984, 0.14405269999999995, 0.1447503000000003, 0.14725059999999981, 0.14781950000000005, 0.14815889999999998, 0.1476345999999999, 0.14965309999999993, 0.14952169999999992, 0.15063690000000002, 0.15103959999999983, 0.15322799999999984, 0.15186230000000034, 0.15315800000000013, 0.1546626, 0.15555880000000025, 0.15296759999999976, 0.1482686999999999, 0.1436550000000001, 0.13846189999999997, 0.13351789999999997, 0.1306699, 0.12824259999999998, 0.12327840000000001, 0.11967210000000017, 0.1174979, 0.11281219999999988, 0.11557500000000001, 0.11371399999999998, 0.10958570000000022, 0.10657329999999991, 0.10850620000000022, 0.10843129999999998, 0.10635550000000002, 0.10490889999999993, 0.10373359999999986, 0.10373630000000002, 0.10216479999999994, 0.10061280000000003, 0.09991870000000004, 0.10117919999999996, 0.09840949999999987, 0.10434109999999994, 0.09882690000000012],