{"filename": "ENMAP_03_MASKED.TIF", "labels": [418.416, 424.043, 429.457, 434.686, 439.757, 444.699, 449.539, 454.306, 459.031, 463.73, 468.411, 473.08, 477.744, 482.411, 487.087, 491.78, 496.497, 501.243, 506.02, 510.828, 515.672, 520.55, 525.467, 530.424, 535.422, 540.463, 545.551, 550.687, 555.873, 561.112, 566.405, 571.756, 577.166, 582.636, 588.171, 593.773, 599.446, 605.193, 611.017, 616.923, 622.92, 628.987, 635.112, 641.294, 647.537, 653.841, 660.207, 666.637, 673.131, 679.691, 686.319, 693.014, 699.78, 706.617, 713.524, 720.501, 727.545, 734.654, 741.826, 749.06, 756.353, 763.703, 771.108, 778.567, 786.078, 793.639, 801.248, 808.905, 816.608, 824.355, 832.145, 839.976, 847.847, 855.757, 863.703, 871.683, 879.692, 887.729, 895.789, 901.962, 903.87, 911.572, 911.968, 920.08, 921.32, 928.204, 931.204, 936.335, 941.218, 944.47, 951.361, 952.608, 960.748, 961.629, 968.891, 972.017, 977.037, 982.524, 985.186, 993.145, 993.338, 1003.88, 1014.72, 1025.66, 1036.7, 1047.84, 1059.07, 1070.39, 1081.79, 1093.26, 1104.81, 1116.43, 1128.11, 1139.84, 1151.62, 1163.44, 1175.31, 1187.2, 1199.11, 1211.05, 1223.0, 1234.97, 1246.95, 1258.93, 1270.92, 1282.92, 1294.91, 1306.9, 1318.88, 1330.86, 1342.82, 1354.76, 1366.69, 1378.6, 1390.48, 1449.43, 1461.11, 1472.74, 1484.34, 1495.89, 1507.4, 1518.87, 1530.29, 1541.68, 1553.01, 1564.31, 1575.55, 1586.76, 1597.91, 1609.02, 1620.09, 1631.11, 1642.08, 1653.0, 1663.87, 1674.7, 1685.47, 1696.2, 1706.87, 1717.5, 1728.08, 1738.6, 1749.08, 1759.51, 1769.89, 1780.22, 1967.66, 1977.08, 1986.45, 1995.79, 2005.08, 2014.33, 2023.54, 2032.71, 2041.83, 2050.92, 2059.96, 2068.97, 2077.93, 2086.86, 2095.74, 2104.59, 2113.4, 2122.17, 2130.9, 2139.6, 2148.26, 2156.88, 2165.47, 2174.02, 2182.53, 2191.01, 2199.46, 2207.86, 2216.24, 2224.58, 2232.89, 2241.16, 2249.4, 2257.61, 2265.79, 2273.93, 2282.04, 2290.12, 2298.17, 2306.19, 2314.18, 2322.13, 2330.05, 2337.94, 2345.81, 2353.64, 2361.44, 2369.21, 2376.95, 2384.66, 2392.34, 2400.0, 2407.62, 2415.21, 2422.78, 2430.32, 2437.83, 2445.3], "mean": [0.04430430430430426, 0.043334234234234284, 0.04533593593593597, 0.045423700000000025, 0.046915300000000035, 0.046961200000000036, 0.048614699999999934, 0.04992109999999998, 0.05026109999999997, 0.05205199999999997, 0.052667000000000026, 0.05313250000000001, 0.05432489999999994, 0.056294200000000016, 0.0573934, 0.057846700000000056, 0.05930700000000004, 0.06134220000000005, 0.06268690000000005, 0.06674589999999996, 0.07220680000000007, 0.07603379999999998, 0.08044730000000004, 0.08519050000000002, 0.08914519999999976, 0.09185990000000005, 0.09356859999999997, 0.0956172, 0.09715589999999995, 0.09746649999999998, 0.09678089999999993, 0.09475380000000014, 0.0958518, 0.0958459000000001, 0.0937177999999999, 0.0930654, 0.09434880000000005, 0.09514070000000012, 0.09450350000000003, 0.09313060000000001, 0.09181279999999992, 0.09098820000000012, 0.09232399999999996, 0.09243499999999999, 0.09026360000000007, 0.08802669999999996, 0.08659200000000002, 0.08515959999999997, 0.08408350000000009, 0.08432710000000009, 0.08899629999999989, 0.09922450000000009, 0.1155227, 0.1336247, 0.15197439999999982, 0.16191600000000023, 0.18301199999999987, 0.20907560000000003, 0.23181019999999994, 0.24306199999999983, 0.25492799999999977, 0.2471123, 0.26343330000000004, 0.2664652999999997, 0.2660871999999999, 0.2681528999999999, 0.2686586, 0.2713317000000001, 0.26087049999999967, 0.26785579999999987, 0.26593820000000007, 0.27225569999999993, 0.2773046000000003, 0.2777113000000003, 0.2819573000000001, 0.2817495000000005, 0.2823637000000001, 0.2793735, 0.27210919999999994, 0.27087330000000037, 0.2630811999999998, 0.2584033000000001, 0.25061030000000006, 0.23884049999999968, 0.26640329999999973, 0.25862719999999984, 0.2296405999999999, 0.2643029116465863, 0.25770569999999987, 0.25382659251769446, 0.2279335000000002, 0.22062695829094614, 0.2046602010050251, 0.22698800000000016, 0.22196072144288576, 0.24346360000000003, 0.22549649298597169, 0.25296229999999975, 0.23338968968968932, 0.2652766, 0.24107879999999995, 0.2702818999999998, 0.2752018, 0.2813136999999998, 0.28810790000000014, 0.29250839999999995, 0.29594990000000093, 0.2973667000000005, 0.29290439999999973, 0.28535699999999997, 0.26558260000000034, 0.2423276999999996, 0.32727759999999945, 0.25878179999999995, 0.20364229999999964, 0.21317589999999967, 0.22719079999999975, 0.2319215000000001, 0.2364334999999998, 0.23832170000000022, 0.2452182000000002, 0.2530979999999998, 0.25733489999999987, 0.2581632000000002, 0.2610900999999998, 0.25709580000000015, 0.24834239999999977, 0.2367804999999999, 0.22709679999999993, 0.2244250999999999, null, null, null, null, null, 0.2562195, 0.15544050000000026, 0.17243270000000027, 0.11576359999999992, 0.10935170000000015, 0.11859659999999986, 0.12783899999999998, 0.13517480000000012, 0.14198749999999985, 0.14836739999999984, 0.15295959999999983, 0.15815859999999993, 0.16215599999999997, 0.16579670000000027, 0.17008729999999989, 0.17280249999999991, 0.17440360000000002, 0.17599989999999996, 0.17773039999999996, 0.17703489999999972, 0.17721129999999988, 0.17614190000000018, 0.17333069999999998, 0.17130769999999992, 0.1687354, 0.16478899999999994, 0.1620386, 0.16103699999999996, 0.15653529999999988, 0.15190059999999986, 0.1508834000000002, 0.0697704, 0.062218299999999914, 0.06431649999999994, 0.061934500000000024, 0.07436309999999995, 0.0720934999999999, 0.0711467, 0.07591209999999997, 0.07835590000000009, 0.07845219999999997, 0.08091329999999991, 0.08336539999999999, 0.08697740000000005, 0.08802080000000008, 0.0888263999999999, 0.09211950000000003, 0.09340430000000019, 0.0942420999999999, 0.09687029999999987, 0.09803759999999989, 0.09720029999999993, 0.09810749999999996, 0.09852179999999994, 0.09885639999999998, 0.09766169999999996, 0.09894280000000008, 0.09762190000000001, 0.09931200000000008, 0.0993567000000001, 0.09952289999999996, 0.09874019999999999, 0.09639990000000014, 0.09411569999999994, 0.09229599999999989, 0.08918569999999998, 0.08756300000000004, 0.08592280000000006, 0.08234079999999999, 0.08004120000000017, 0.07872980000000003, 0.07551229999999999, 0.07422679999999979, 0.07285710000000002, 0.06980360000000004, 0.06702449999999992, 0.06729529999999999, 0.0668141, 0.06529889999999998, 0.06358270000000005, 0.06234280000000007, 0.06267619999999999, 0.06229229999999994, 0.06254140000000005, 0.06695140000000001, 0.06564659999999999, 0.06593659999999997, 0.0746253, 0.079709],