{"filename": "ENMAP_15_MASKED.TIF", "labels": [418.416, 424.043, 429.457, 434.686, 439.757, 444.699, 449.539, 454.306, 459.031, 463.73, 468.411, 473.08, 477.744, 482.411, 487.087, 491.78, 496.497, 501.243, 506.02, 510.828, 515.672, 520.55, 525.467, 530.424, 535.422, 540.463, 545.551, 550.687, 555.873, 561.112, 566.405, 571.756, 577.166, 582.636, 588.171, 593.773, 599.446, 605.193, 611.017, 616.923, 622.92, 628.987, 635.112, 641.294, 647.537, 653.841, 660.207, 666.637, 673.131, 679.691, 686.319, 693.014, 699.78, 706.617, 713.524, 720.501, 727.545, 734.654, 741.826, 749.06, 756.353, 763.703, 771.108, 778.567, 786.078, 793.639, 801.248, 808.905, 816.608, 824.355, 832.145, 839.976, 847.847, 855.757, 863.703, 871.683, 879.692, 887.729, 895.789, 901.962, 903.87, 911.572, 911.968, 920.08, 921.32, 928.204, 931.204, 936.335, 941.218, 944.47, 951.361, 952.608, 960.748, 961.629, 968.891, 972.017, 977.037, 982.524, 985.186, 993.145, 993.338, 1003.88, 1014.72, 1025.66, 1036.7, 1047.84, 1059.07, 1070.39, 1081.79, 1093.26, 1104.81, 1116.43, 1128.11, 1139.84, 1151.62, 1163.44, 1175.31, 1187.2, 1199.11, 1211.05, 1223.0, 1234.97, 1246.95, 1258.93, 1270.92, 1282.92, 1294.91, 1306.9, 1318.88, 1330.86, 1342.82, 1354.76, 1366.69, 1378.6, 1390.48, 1449.43, 1461.11, 1472.74, 1484.34, 1495.89, 1507.4, 1518.87, 1530.29, 1541.68, 1553.01, 1564.31, 1575.55, 1586.76, 1597.91, 1609.02, 1620.09, 1631.11, 1642.08, 1653.0, 1663.87, 1674.7, 1685.47, 1696.2, 1706.87, 1717.5, 1728.08, 1738.6, 1749.08, 1759.51, 1769.89, 1780.22, 1967.66, 1977.08, 1986.45, 1995.79, 2005.08, 2014.33, 2023.54, 2032.71, 2041.83, 2050.92, 2059.96, 2068.97, 2077.93, 2086.86, 2095.74, 2104.59, 2113.4, 2122.17, 2130.9, 2139.6, 2148.26, 2156.88, 2165.47, 2174.02, 2182.53, 2191.01, 2199.46, 2207.86, 2216.24, 2224.58, 2232.89, 2241.16, 2249.4, 2257.61, 2265.79, 2273.93, 2282.04, 2290.12, 2298.17, 2306.19, 2314.18, 2322.13, 2330.05, 2337.94, 2345.81, 2353.64, 2361.44, 2369.21, 2376.95, 2384.66, 2392.34, 2400.0, 2407.62, 2415.21, 2422.78, 2430.32, 2437.83, 2445.3], "mean": [0.03349489999999997, 0.03284179999999997, 0.035871900000000026, 0.03666659999999998, 0.03806929999999993, 0.03809619999999997, 0.03993133133133134, 0.04156439999999999, 0.04199370000000004, 0.043846800000000026, 0.04429090000000001, 0.04404030000000006, 0.044868200000000004, 0.04707099999999998, 0.04853119999999995, 0.04815770000000004, 0.04916230000000007, 0.05121929999999998, 0.0520853, 0.0550252, 0.05952579999999986, 0.0624217, 0.06616200000000008, 0.07022999999999997, 0.07364670000000002, 0.07649259999999988, 0.07797590000000013, 0.07950409999999991, 0.0808136, 0.08118889999999987, 0.08084190000000008, 0.07929110000000003, 0.08127759999999994, 0.0811811, 0.08065, 0.08050849999999997, 0.08064239999999985, 0.08065719999999996, 0.07984650000000013, 0.07859680000000001, 0.07661600000000002, 0.07614649999999998, 0.07778959999999992, 0.07770109999999997, 0.07663980000000001, 0.0746168, 0.0734474000000001, 0.07252400000000003, 0.07198800000000007, 0.07189529999999991, 0.07549390000000013, 0.08615209999999997, 0.10320409999999992, 0.1230547999999999, 0.14572500000000016, 0.16831130000000014, 0.19680220000000015, 0.22689079999999934, 0.2501062000000004, 0.2630289999999998, 0.27900040000000004, 0.2624977000000001, 0.2874633000000001, 0.29177459999999983, 0.29428029999999994, 0.2986793000000003, 0.3010395999999994, 0.30678150000000043, 0.3016996999999995, 0.3084479000000001, 0.30613549999999995, 0.31013050000000025, 0.3131502999999996, 0.3137218000000003, 0.3171441, 0.3184474999999998, 0.32087649999999995, 0.3197187999999999, 0.31976769999999954, 0.3311799000000002, 0.32195379999999996, 0.3234830999999997, 0.3158592000000002, 0.3044869000000004, 0.33433980000000035, 0.3313369999999998, 0.2959103999999999, 0.3529675675675673, 0.3604134999999995, 0.354171471471472, 0.3298717000000005, 0.3134104, 0.29227110000000006, 0.32204140000000026, 0.30137660000000005, 0.32607260000000055, 0.3014086999999995, 0.3302747, 0.30344720000000025, 0.33406579999999997, 0.30674050000000025, 0.33726509999999993, 0.34192190000000033, 0.3473277, 0.3525071000000003, 0.35594800000000026, 0.35975289999999976, 0.36372190000000054, 0.3633911000000001, 0.36268010000000056, 0.3572766999999996, 0.3319393000000005, 0.4176932000000003, 0.37843710000000036, 0.3206276999999998, 0.3164793999999999, 0.31886980000000037, 0.32436630000000044, 0.3254570999999997, 0.32669850000000006, 0.3322796999999995, 0.3385936000000001, 0.34217990000000015, 0.3435331, 0.35104380000000074, 0.3487359, 0.3433283000000004, 0.33636239999999956, 0.33077849999999986, 0.3300049000000006, null, null, null, null, null, 0.2087041000000001, 0.1819254, 0.19084780000000012, 0.1684015999999999, 0.16683639999999983, 0.17368129999999998, 0.18282469999999976, 0.18982489999999985, 0.1967523000000003, 0.20386149999999978, 0.20922720000000006, 0.21628480000000005, 0.22194929999999996, 0.22641810000000007, 0.23298309999999986, 0.23667800000000003, 0.23895209999999964, 0.24156290000000008, 0.24440759999999984, 0.24279629999999988, 0.2427552000000001, 0.24050219999999942, 0.2370433999999999, 0.23387899999999978, 0.23004920000000012, 0.22613299999999997, 0.22556650000000017, 0.2265992, 0.22171170000000004, 0.22126110000000004, 0.2223175999999997, 0.10897370000000013, 0.10815009999999993, 0.11231890000000001, 0.10186680000000012, 0.10123659999999979, 0.10363769999999992, 0.11388339999999988, 0.12077899999999997, 0.12259540000000001, 0.11741789999999992, 0.12208949999999999, 0.1248544999999999, 0.1300939, 0.13016469999999986, 0.1311242999999999, 0.13483659999999992, 0.13596699999999992, 0.13660700000000006, 0.13828009999999982, 0.1389693999999999, 0.13812110000000025, 0.1399824000000001, 0.14005240000000002, 0.1408964000000002, 0.14047740000000006, 0.14280570000000012, 0.14090669999999994, 0.1432419000000002, 0.14397559999999987, 0.14451370000000002, 0.14249070000000005, 0.13837410000000003, 0.13441890000000017, 0.1309618, 0.12662409999999993, 0.1242641, 0.12220290000000016, 0.1176305, 0.11458999999999998, 0.11326539999999996, 0.1088235, 0.11087379999999983, 0.10923200000000007, 0.10502050000000007, 0.10235930000000001, 0.10481099999999982, 0.10514350000000008, 0.10259520000000007, 0.10169050000000007, 0.10151100000000017, 0.10286900000000007, 0.1018144999999999, 0.1008586, 0.10003749999999999, 0.10602040000000004, 0.10480250000000002, 0.11450699999999996, 0.1047476],