{"filename": "ENMAP_07_MASKED.TIF", "labels": [418.416, 424.043, 429.457, 434.686, 439.757, 444.699, 449.539, 454.306, 459.031, 463.73, 468.411, 473.08, 477.744, 482.411, 487.087, 491.78, 496.497, 501.243, 506.02, 510.828, 515.672, 520.55, 525.467, 530.424, 535.422, 540.463, 545.551, 550.687, 555.873, 561.112, 566.405, 571.756, 577.166, 582.636, 588.171, 593.773, 599.446, 605.193, 611.017, 616.923, 622.92, 628.987, 635.112, 641.294, 647.537, 653.841, 660.207, 666.637, 673.131, 679.691, 686.319, 693.014, 699.78, 706.617, 713.524, 720.501, 727.545, 734.654, 741.826, 749.06, 756.353, 763.703, 771.108, 778.567, 786.078, 793.639, 801.248, 808.905, 816.608, 824.355, 832.145, 839.976, 847.847, 855.757, 863.703, 871.683, 879.692, 887.729, 895.789, 901.962, 903.87, 911.572, 911.968, 920.08, 921.32, 928.204, 931.204, 936.335, 941.218, 944.47, 951.361, 952.608, 960.748, 961.629, 968.891, 972.017, 977.037, 982.524, 985.186, 993.145, 993.338, 1003.88, 1014.72, 1025.66, 1036.7, 1047.84, 1059.07, 1070.39, 1081.79, 1093.26, 1104.81, 1116.43, 1128.11, 1139.84, 1151.62, 1163.44, 1175.31, 1187.2, 1199.11, 1211.05, 1223.0, 1234.97, 1246.95, 1258.93, 1270.92, 1282.92, 1294.91, 1306.9, 1318.88, 1330.86, 1342.82, 1354.76, 1366.69, 1378.6, 1390.48, 1449.43, 1461.11, 1472.74, 1484.34, 1495.89, 1507.4, 1518.87, 1530.29, 1541.68, 1553.01, 1564.31, 1575.55, 1586.76, 1597.91, 1609.02, 1620.09, 1631.11, 1642.08, 1653.0, 1663.87, 1674.7, 1685.47, 1696.2, 1706.87, 1717.5, 1728.08, 1738.6, 1749.08, 1759.51, 1769.89, 1780.22, 1967.66, 1977.08, 1986.45, 1995.79, 2005.08, 2014.33, 2023.54, 2032.71, 2041.83, 2050.92, 2059.96, 2068.97, 2077.93, 2086.86, 2095.74, 2104.59, 2113.4, 2122.17, 2130.9, 2139.6, 2148.26, 2156.88, 2165.47, 2174.02, 2182.53, 2191.01, 2199.46, 2207.86, 2216.24, 2224.58, 2232.89, 2241.16, 2249.4, 2257.61, 2265.79, 2273.93, 2282.04, 2290.12, 2298.17, 2306.19, 2314.18, 2322.13, 2330.05, 2337.94, 2345.81, 2353.64, 2361.44, 2369.21, 2376.95, 2384.66, 2392.34, 2400.0, 2407.62, 2415.21, 2422.78, 2430.32, 2437.83, 2445.3], "mean": [0.03761420000000003, 0.036742, 0.03906179999999992, 0.039617700000000027, 0.040955999999999944, 0.04093069999999999, 0.042400600000000004, 0.04368020000000007, 0.04404530000000008, 0.045520399999999975, 0.04590159999999998, 0.045934300000000025, 0.04674540000000009, 0.048474199999999926, 0.04976129999999996, 0.04964250000000003, 0.05062819999999997, 0.05228670000000002, 0.05278860000000004, 0.05561069999999991, 0.05968020000000004, 0.06211090000000002, 0.06529070000000002, 0.06883799999999998, 0.07188440000000001, 0.07428989999999992, 0.07555139999999999, 0.07718120000000003, 0.07829039999999994, 0.07853520000000007, 0.07810730000000002, 0.07679940000000007, 0.07910949999999987, 0.07913519999999998, 0.07816390000000005, 0.07760129999999996, 0.07789730000000003, 0.07848870000000004, 0.07828320000000001, 0.077626, 0.07630710000000003, 0.07618430000000007, 0.07790720000000005, 0.07834339999999994, 0.07755920000000002, 0.07623450000000004, 0.07577669999999993, 0.07568760000000001, 0.07573479999999999, 0.07614009999999993, 0.07946180000000003, 0.08728129999999998, 0.10207759999999994, 0.12000550000000006, 0.1416348, 0.16001549999999987, 0.18609189999999987, 0.21570079999999964, 0.2402186999999999, 0.25304439999999995, 0.26881319999999953, 0.2517098000000001, 0.27556319999999973, 0.2807673999999997, 0.28227909999999995, 0.2866514999999998, 0.2886567999999999, 0.2945848000000003, 0.28416440000000043, 0.2919805999999995, 0.29103179999999973, 0.29963090000000003, 0.30584020000000045, 0.30625729999999984, 0.31165029999999955, 0.3125990999999999, 0.31552689999999983, 0.31440809999999964, 0.30931809999999965, 0.3159793999999992, 0.30804280000000006, 0.3056363999999998, 0.29999969999999987, 0.28732859999999993, 0.31590340000000017, 0.3128838, 0.2736952000000002, 0.32093770000000016, 0.31988580000000005, 0.3192791999999999, 0.2878694999999998, 0.2794792999999997, 0.2649730000000001, 0.28759680000000015, 0.28413320000000003, 0.30677809999999994, 0.28721940000000007, 0.3150691999999996, 0.2932119999999996, 0.3272838000000001, 0.30159640000000015, 0.3337030999999998, 0.33874920000000003, 0.34533640000000027, 0.35193420000000025, 0.3564507999999995, 0.3608605000000002, 0.3645566000000003, 0.3627025000000001, 0.35930150000000033, 0.3420847000000001, 0.30684079999999986, 0.35820380000000007, 0.33343600000000007, 0.26584810000000053, 0.2835490000000002, 0.3030021, 0.3119476000000001, 0.3173582000000001, 0.3192532999999999, 0.32844370000000006, 0.3387592999999997, 0.3455848, 0.3486031999999998, 0.35390360000000026, 0.35034000000000043, 0.3409959999999999, 0.32982840000000047, 0.31967099999999965, 0.3109227999999999, null, null, null, null, null, 0.17237719999999984, 0.1612041000000003, 0.1660119000000001, 0.14138689999999984, 0.1535166000000002, 0.16810169999999988, 0.1806457000000001, 0.1899161, 0.1982265000000001, 0.20597730000000017, 0.21153030000000014, 0.21776879999999993, 0.22287090000000015, 0.22788500000000028, 0.23386070000000003, 0.23746570000000025, 0.2401036999999999, 0.2423123000000001, 0.24402149999999995, 0.24166050000000008, 0.2407159999999999, 0.23856789999999997, 0.23446419999999987, 0.23102759999999986, 0.2269661999999998, 0.22201510000000008, 0.22007419999999978, 0.21994400000000014, 0.21365190000000037, 0.20589690000000016, 0.20079560000000013, 0.10435549999999999, 0.10698659999999999, 0.11477510000000002, 0.10816839999999991, 0.10689180000000004, 0.10818779999999997, 0.11724749999999999, 0.1274633, 0.12966670000000002, 0.1266391000000001, 0.1282810000000001, 0.12908659999999988, 0.13370180000000015, 0.13372630000000008, 0.1336124, 0.1370601999999999, 0.13742110000000013, 0.13699990000000006, 0.13904340000000004, 0.13930309999999999, 0.13727499999999984, 0.13736869999999998, 0.13713459999999983, 0.13756470000000012, 0.13606840000000006, 0.13735570000000016, 0.1348300999999999, 0.1360734, 0.1380798999999996, 0.13974910000000013, 0.13877510000000015, 0.13479189999999994, 0.13099590000000008, 0.12818820000000003, 0.1231885000000001, 0.12123199999999995, 0.11935580000000008, 0.1144759000000002, 0.11105570000000001, 0.11036599999999994, 0.10647700000000013, 0.10469890000000005, 0.10444520000000013, 0.10067830000000007, 0.09641839999999999, 0.09710140000000002, 0.09934800000000002, 0.09587850000000005, 0.09376950000000012, 0.08886080000000018, 0.09362819999999988, 0.09516190000000009, 0.08953370000000008, 0.08565760000000004, 0.09251819999999979, 0.09915719999999999, 0.10557769999999998, 0.09907780000000006],